"ámbitos territoriales","grandes grupos de edad cumplida","sexo","2025/01/01"
"Abaltzisketa","Total","Total",313
"Abaltzisketa","0 - 19","Total",51
"Abaltzisketa","20 - 64","Total",199
"Abaltzisketa",">= 65","Total",63
"Aduna","Total","Total",507
"Aduna","0 - 19","Total",125
"Aduna","20 - 64","Total",307
"Aduna",">= 65","Total",75
"Aia","Total","Total",2127
"Aia","0 - 19","Total",502
"Aia","20 - 64","Total",1230
"Aia",">= 65","Total",395
"Aizarnazabal","Total","Total",808
"Aizarnazabal","0 - 19","Total",182
"Aizarnazabal","20 - 64","Total",472
"Aizarnazabal",">= 65","Total",154
"Albiztur","Total","Total",314
"Albiztur","0 - 19","Total",73
"Albiztur","20 - 64","Total",183
"Albiztur",">= 65","Total",58
"Alegia","Total","Total",1852
"Alegia","0 - 19","Total",370
"Alegia","20 - 64","Total",1104
"Alegia",">= 65","Total",378
"Alkiza","Total","Total",346
"Alkiza","0 - 19","Total",95
"Alkiza","20 - 64","Total",192
"Alkiza",">= 65","Total",59
"Altzaga","Total","Total",159
"Altzaga","0 - 19","Total",37
"Altzaga","20 - 64","Total",89
"Altzaga",">= 65","Total",33
"Altzo","Total","Total",400
"Altzo","0 - 19","Total",78
"Altzo","20 - 64","Total",241
"Altzo",">= 65","Total",81
"Amezketa","Total","Total",935
"Amezketa","0 - 19","Total",180
"Amezketa","20 - 64","Total",545
"Amezketa",">= 65","Total",210
"Andoain","Total","Total",14732
"Andoain","0 - 19","Total",2708
"Andoain","20 - 64","Total",8401
"Andoain",">= 65","Total",3623
"Anoeta","Total","Total",2163
"Anoeta","0 - 19","Total",461
"Anoeta","20 - 64","Total",1251
"Anoeta",">= 65","Total",451
"Antzuola","Total","Total",2123
"Antzuola","0 - 19","Total",443
"Antzuola","20 - 64","Total",1201
"Antzuola",">= 65","Total",479
"Arama","Total","Total",181
"Arama","0 - 19","Total",37
"Arama","20 - 64","Total",104
"Arama",">= 65","Total",40
"Aretxabaleta","Total","Total",7183
"Aretxabaleta","0 - 19","Total",1397
"Aretxabaleta","20 - 64","Total",4109
"Aretxabaleta",">= 65","Total",1677
"Arrasate/Mondragón","Total","Total",22251
"Arrasate/Mondragón","0 - 19","Total",3855
"Arrasate/Mondragón","20 - 64","Total",12493
"Arrasate/Mondragón",">= 65","Total",5903
"Asteasu","Total","Total",1527
"Asteasu","0 - 19","Total",303
"Asteasu","20 - 64","Total",951
"Asteasu",">= 65","Total",273
"Astigarraga","Total","Total",7665
"Astigarraga","0 - 19","Total",1878
"Astigarraga","20 - 64","Total",4749
"Astigarraga",">= 65","Total",1038
"Ataun","Total","Total",1723
"Ataun","0 - 19","Total",410
"Ataun","20 - 64","Total",926
"Ataun",">= 65","Total",387
"Azkoitia","Total","Total",12084
"Azkoitia","0 - 19","Total",2540
"Azkoitia","20 - 64","Total",7024
"Azkoitia",">= 65","Total",2520
"Azpeitia","Total","Total",15431
"Azpeitia","0 - 19","Total",3160
"Azpeitia","20 - 64","Total",8787
"Azpeitia",">= 65","Total",3484
"Baliarrain","Total","Total",159
"Baliarrain","0 - 19","Total",51
"Baliarrain","20 - 64","Total",92
"Baliarrain",">= 65","Total",16
"Beasain","Total","Total",13915
"Beasain","0 - 19","Total",2838
"Beasain","20 - 64","Total",7948
"Beasain",">= 65","Total",3129
"Beizama","Total","Total",101
"Beizama","0 - 19","Total",13
"Beizama","20 - 64","Total",62
"Beizama",">= 65","Total",26
"Belauntza","Total","Total",314
"Belauntza","0 - 19","Total",66
"Belauntza","20 - 64","Total",173
"Belauntza",">= 65","Total",75
"Berastegi","Total","Total",1088
"Berastegi","0 - 19","Total",212
"Berastegi","20 - 64","Total",618
"Berastegi",">= 65","Total",258
"Bergara","Total","Total",14725
"Bergara","0 - 19","Total",2511
"Bergara","20 - 64","Total",8479
"Bergara",">= 65","Total",3735
"Berrobi","Total","Total",588
"Berrobi","0 - 19","Total",122
"Berrobi","20 - 64","Total",351
"Berrobi",">= 65","Total",115
"Bidania-Goiatz","Total","Total",528
"Bidania-Goiatz","0 - 19","Total",108
"Bidania-Goiatz","20 - 64","Total",317
"Bidania-Goiatz",">= 65","Total",103
"Deba","Total","Total",5364
"Deba","0 - 19","Total",874
"Deba","20 - 64","Total",3017
"Deba",">= 65","Total",1473
"Donostia / San Sebastián","Total","Total",183388
"Donostia / San Sebastián","0 - 19","Total",29172
"Donostia / San Sebastián","20 - 64","Total",105384
"Donostia / San Sebastián",">= 65","Total",48832
"Eibar","Total","Total",27118
"Eibar","0 - 19","Total",4948
"Eibar","20 - 64","Total",15069
"Eibar",">= 65","Total",7101
"Elduain","Total","Total",239
"Elduain","0 - 19","Total",55
"Elduain","20 - 64","Total",148
"Elduain",">= 65","Total",36
"Elgeta","Total","Total",1109
"Elgeta","0 - 19","Total",239
"Elgeta","20 - 64","Total",643
"Elgeta",">= 65","Total",227
"Elgoibar","Total","Total",11659
"Elgoibar","0 - 19","Total",2298
"Elgoibar","20 - 64","Total",6567
"Elgoibar",">= 65","Total",2794
"Errenteria","Total","Total",39779
"Errenteria","0 - 19","Total",6627
"Errenteria","20 - 64","Total",23485
"Errenteria",">= 65","Total",9667
"Errezil","Total","Total",602
"Errezil","0 - 19","Total",124
"Errezil","20 - 64","Total",359
"Errezil",">= 65","Total",119
"Eskoriatza","Total","Total",4227
"Eskoriatza","0 - 19","Total",758
"Eskoriatza","20 - 64","Total",2508
"Eskoriatza",">= 65","Total",961
"Ezkio-Itsaso","Total","Total",632
"Ezkio-Itsaso","0 - 19","Total",110
"Ezkio-Itsaso","20 - 64","Total",358
"Ezkio-Itsaso",">= 65","Total",164
"Gabiria","Total","Total",542
"Gabiria","0 - 19","Total",80
"Gabiria","20 - 64","Total",339
"Gabiria",">= 65","Total",123
"Gaintza","Total","Total",124
"Gaintza","0 - 19","Total",21
"Gaintza","20 - 64","Total",76
"Gaintza",">= 65","Total",27
"Gaztelu","Total","Total",179
"Gaztelu","0 - 19","Total",42
"Gaztelu","20 - 64","Total",100
"Gaztelu",">= 65","Total",37
"Getaria","Total","Total",2931
"Getaria","0 - 19","Total",564
"Getaria","20 - 64","Total",1793
"Getaria",">= 65","Total",574
"Hernani","Total","Total",20428
"Hernani","0 - 19","Total",3607
"Hernani","20 - 64","Total",12264
"Hernani",">= 65","Total",4557
"Hernialde","Total","Total",323
"Hernialde","0 - 19","Total",49
"Hernialde","20 - 64","Total",192
"Hernialde",">= 65","Total",82
"Hondarribia","Total","Total",16960
"Hondarribia","0 - 19","Total",2921
"Hondarribia","20 - 64","Total",9662
"Hondarribia",">= 65","Total",4377
"Ibarra","Total","Total",4076
"Ibarra","0 - 19","Total",778
"Ibarra","20 - 64","Total",2171
"Ibarra",">= 65","Total",1127
"Idiazabal","Total","Total",2279
"Idiazabal","0 - 19","Total",480
"Idiazabal","20 - 64","Total",1240
"Idiazabal",">= 65","Total",559
"Ikaztegieta","Total","Total",488
"Ikaztegieta","0 - 19","Total",98
"Ikaztegieta","20 - 64","Total",275
"Ikaztegieta",">= 65","Total",115
"Irun","Total","Total",60665
"Irun","0 - 19","Total",10443
"Irun","20 - 64","Total",35513
"Irun",">= 65","Total",14709
"Irura","Total","Total",1846
"Irura","0 - 19","Total",461
"Irura","20 - 64","Total",1163
"Irura",">= 65","Total",222
"Itsasondo","Total","Total",702
"Itsasondo","0 - 19","Total",167
"Itsasondo","20 - 64","Total",414
"Itsasondo",">= 65","Total",121
"Larraul","Total","Total",262
"Larraul","0 - 19","Total",65
"Larraul","20 - 64","Total",158
"Larraul",">= 65","Total",39
"Lasarte-Oria","Total","Total",19808
"Lasarte-Oria","0 - 19","Total",3424
"Lasarte-Oria","20 - 64","Total",11514
"Lasarte-Oria",">= 65","Total",4870
"Lazkao","Total","Total",5888
"Lazkao","0 - 19","Total",1267
"Lazkao","20 - 64","Total",3474
"Lazkao",">= 65","Total",1147
"Leaburu","Total","Total",383
"Leaburu","0 - 19","Total",73
"Leaburu","20 - 64","Total",221
"Leaburu",">= 65","Total",89
"Legazpi","Total","Total",8377
"Legazpi","0 - 19","Total",1494
"Legazpi","20 - 64","Total",4607
"Legazpi",">= 65","Total",2276
"Legorreta","Total","Total",1499
"Legorreta","0 - 19","Total",310
"Legorreta","20 - 64","Total",880
"Legorreta",">= 65","Total",309
"Leintz-Gatzaga","Total","Total",224
"Leintz-Gatzaga","0 - 19","Total",32
"Leintz-Gatzaga","20 - 64","Total",134
"Leintz-Gatzaga",">= 65","Total",58
"Lezo","Total","Total",6188
"Lezo","0 - 19","Total",1090
"Lezo","20 - 64","Total",3753
"Lezo",">= 65","Total",1345
"Lizartza","Total","Total",700
"Lizartza","0 - 19","Total",147
"Lizartza","20 - 64","Total",406
"Lizartza",">= 65","Total",147
"Mendaro","Total","Total",2049
"Mendaro","0 - 19","Total",454
"Mendaro","20 - 64","Total",1218
"Mendaro",">= 65","Total",377
"Mutiloa","Total","Total",249
"Mutiloa","0 - 19","Total",49
"Mutiloa","20 - 64","Total",153
"Mutiloa",">= 65","Total",47
"Mutriku","Total","Total",5283
"Mutriku","0 - 19","Total",975
"Mutriku","20 - 64","Total",3043
"Mutriku",">= 65","Total",1265
"Oiartzun","Total","Total",10473
"Oiartzun","0 - 19","Total",1956
"Oiartzun","20 - 64","Total",6148
"Oiartzun",">= 65","Total",2369
"Olaberria","Total","Total",950
"Olaberria","0 - 19","Total",146
"Olaberria","20 - 64","Total",576
"Olaberria",">= 65","Total",228
"Oñati","Total","Total",11445
"Oñati","0 - 19","Total",2358
"Oñati","20 - 64","Total",6248
"Oñati",">= 65","Total",2839
"Ordizia","Total","Total",10398
"Ordizia","0 - 19","Total",2228
"Ordizia","20 - 64","Total",6033
"Ordizia",">= 65","Total",2137
"Orendain","Total","Total",241
"Orendain","0 - 19","Total",66
"Orendain","20 - 64","Total",141
"Orendain",">= 65","Total",34
"Orexa","Total","Total",99
"Orexa","0 - 19","Total",23
"Orexa","20 - 64","Total",56
"Orexa",">= 65","Total",20
"Orio","Total","Total",6197
"Orio","0 - 19","Total",1299
"Orio","20 - 64","Total",3724
"Orio",">= 65","Total",1174
"Ormaiztegi","Total","Total",1290
"Ormaiztegi","0 - 19","Total",285
"Ormaiztegi","20 - 64","Total",702
"Ormaiztegi",">= 65","Total",303
"Pasaia","Total","Total",16767
"Pasaia","0 - 19","Total",2777
"Pasaia","20 - 64","Total",10271
"Pasaia",">= 65","Total",3719
"Segura","Total","Total",1499
"Segura","0 - 19","Total",351
"Segura","20 - 64","Total",832
"Segura",">= 65","Total",316
"Soraluze-Placencia de las Armas","Total","Total",3765
"Soraluze-Placencia de las Armas","0 - 19","Total",678
"Soraluze-Placencia de las Armas","20 - 64","Total",2139
"Soraluze-Placencia de las Armas",">= 65","Total",948
"Tolosa","Total","Total",20048
"Tolosa","0 - 19","Total",3807
"Tolosa","20 - 64","Total",11523
"Tolosa",">= 65","Total",4718
"Urnieta","Total","Total",6294
"Urnieta","0 - 19","Total",1114
"Urnieta","20 - 64","Total",3936
"Urnieta",">= 65","Total",1244
"Urretxu","Total","Total",6795
"Urretxu","0 - 19","Total",1196
"Urretxu","20 - 64","Total",3978
"Urretxu",">= 65","Total",1621
"Usurbil","Total","Total",6485
"Usurbil","0 - 19","Total",1300
"Usurbil","20 - 64","Total",3875
"Usurbil",">= 65","Total",1310
"Villabona","Total","Total",5778
"Villabona","0 - 19","Total",1055
"Villabona","20 - 64","Total",3383
"Villabona",">= 65","Total",1340
"Zaldibia","Total","Total",1766
"Zaldibia","0 - 19","Total",434
"Zaldibia","20 - 64","Total",952
"Zaldibia",">= 65","Total",380
"Zarautz","Total","Total",23464
"Zarautz","0 - 19","Total",4208
"Zarautz","20 - 64","Total",13789
"Zarautz",">= 65","Total",5467
"Zegama","Total","Total",1560
"Zegama","0 - 19","Total",355
"Zegama","20 - 64","Total",866
"Zegama",">= 65","Total",339
"Zerain","Total","Total",290
"Zerain","0 - 19","Total",58
"Zerain","20 - 64","Total",151
"Zerain",">= 65","Total",81
"Zestoa","Total","Total",3908
"Zestoa","0 - 19","Total",835
"Zestoa","20 - 64","Total",2311
"Zestoa",">= 65","Total",762
"Zizurkil","Total","Total",2904
"Zizurkil","0 - 19","Total",573
"Zizurkil","20 - 64","Total",1692
"Zizurkil",">= 65","Total",639
"Zumaia","Total","Total",10001
"Zumaia","0 - 19","Total",2023
"Zumaia","20 - 64","Total",5766
"Zumaia",">= 65","Total",2212
"Zumarraga","Total","Total",9568
"Zumarraga","0 - 19","Total",1689
"Zumarraga","20 - 64","Total",5438
"Zumarraga",">= 65","Total",2441
