service_id,service_name,service_category,service_type_original,municipality_code,municipality_name,latitude,longitude,address,reference_period,source_id
entityC5CE8164,Consultorio de Abaltzisketa,primary_care,Consultorio,20001,Abaltzisketa,43.04782714383536,-2.1054531469294,"Núcleo Abaltzisketa, 11, 20269 Abaltzisketa (Gipuzkoa)",2026-09-20,ODE_HEALTH_CENTRES_2026
entity575DBFCE,Consultorio de Aizarnazabal,primary_care,Consultorio,20003,Aizarnazabal,43.25469283797177,-2.2377668948288885,"Baltasar Etxabe, 19, 20749 Aizarnazabal (Gipuzkoa)",2026-09-20,ODE_HEALTH_CENTRES_2026
entity71BB9A3F,Consultorio de Albiztur,primary_care,Consultorio,20004,Albiztur,43.12979582618247,-2.137108191302312,"Núcleo Erdigunea, 22, 20495 Albiztur (Gipuzkoa)",2026-09-20,ODE_HEALTH_CENTRES_2026
entityE8C2F026,Centro de Salud de Alegia,primary_care,Centro de Salud,20005,Alegia,43.10065185129113,-2.0985628642720497,"Bideberrieta, 17-Y, 20260 Alegia (Gipuzkoa)",2026-09-20,ODE_HEALTH_CENTRES_2026
entity771AD8EE,Consultorio de Amezketa,primary_care,Consultorio,20008,Amezketa,43.04980158428751,-2.0880884073683093,"Bartolome Deuna, 27, 20268 Amezketa (Gipuzkoa)",2026-09-20,ODE_HEALTH_CENTRES_2026
entity2174F0DA,Centro de Salud Mental de Andoain,mental_health,Centro de Salud Mental,20009,Andoain,43.221231365992296,-2.0221942454753545,"Rikardo Arregi, 0-B, 20140 Andoain (Gipuzkoa)",2026-09-20,ODE_HEALTH_CENTRES_2026
entityA8E7BFB5,Centro de Salud de Andoain,primary_care,Centro de Salud,20009,Andoain,43.221231365992296,-2.0221942454753545,"Rikardo Arregi, 0-B, 20140 Andoain (Gipuzkoa)",2026-09-20,ODE_HEALTH_CENTRES_2026
entityC40323E8,Consultorio de Anoeta,primary_care,Consultorio,20010,Anoeta,43.16153416153941,-2.0718495998802555,"Solkorre, 6, 20270 Anoeta (Gipuzkoa)",2026-09-20,ODE_HEALTH_CENTRES_2026
entityC2E572D7,Consultorio de Antzuola,primary_care,Consultorio,20011,Antzuola,43.09776417115158,-2.381919611145804,"Barrio Sagasti, 0-A, 20577 Antzuola (Gipuzkoa)",2026-09-20,ODE_HEALTH_CENTRES_2026
entity74310650,Centro de Salud de Aretxabaleta,primary_care,Centro de Salud,20013,Aretxabaleta,43.03539979726118,-2.5051540798410152,"Errekabarren, 10, 20550 Aretxabaleta (Gipuzkoa)",2026-09-20,ODE_HEALTH_CENTRES_2026
entityB9C373D0,Consultorio de Asteasu,primary_care,Consultorio,20014,Asteasu,43.193716642518666,-2.097834552823683,"Mayor-Nagusia, 8, 20159 Asteasu (Gipuzkoa)",2026-09-20,ODE_HEALTH_CENTRES_2026
entity1DF833DF,Consultorio de Ataun-San Gregorio,primary_care,Consultorio,20015,Ataun,42.97863551869698,-2.180404705207041,"Barrio San Gregorio, 12, 20211 Ataun (Gipuzkoa)",2026-09-20,ODE_HEALTH_CENTRES_2026
entityABD80EAC,Consultorio de Ataun-San Martin,primary_care,Consultorio,20015,Ataun,43.00600829417225,-2.177502097607772,"Barrio Elbarrena, 15-D, 20211 Ataun (Gipuzkoa)",2026-09-20,ODE_HEALTH_CENTRES_2026
entity85CF7DBB,Consultorio de Aia,primary_care,Centro de Salud,20016,Aia,43.237544497889566,-2.1474415179798245,"Joan Etorle, 18, 20809 Aia (Gipuzkoa)",2026-09-20,ODE_HEALTH_CENTRES_2026
entityE7146F42,Centro de Salud de Azkoitia,primary_care,Centro de Salud,20017,Azkoitia,43.17592886388753,-2.3150229473149824,"Barrio Jausoro, 6, 20720 Azkoitia (Gipuzkoa)",2026-09-20,ODE_HEALTH_CENTRES_2026
entity0ECFC0DA,Centro de Salud Mental de Azpeitia,mental_health,Centro de Salud Mental,20018,Azpeitia,43.18143667003693,-2.267977469507896,"Jose Artetxe, 7, 20730 Azpeitia (Gipuzkoa)",2026-09-20,ODE_HEALTH_CENTRES_2026
entity458B7E4D,Ambulatorio de Azpeitia,primary_care,Ambulatorio,20018,Azpeitia,43.18143667003693,-2.267977469507896,"Jose Artetxe, 7, 20730 Azpeitia (Gipuzkoa)",2026-09-20,ODE_HEALTH_CENTRES_2026
entity88E353B4,Ambulatorio de Azpeitia,primary_care,Centro de Salud,20018,Azpeitia,43.18143667003693,-2.267977469507896,"Jose Artetxe, 7, 20730 Azpeitia (Gipuzkoa)",2026-09-20,ODE_HEALTH_CENTRES_2026
entityF54FA5AA,Consultorio de Urrestilla,primary_care,Consultorio,20018,Azpeitia,43.15708148404615,-2.2444112630994173,"Kaletxiki, 9, 20738 Azpeitia (Gipuzkoa)",2026-09-20,ODE_HEALTH_CENTRES_2026
entity466E5112,PAC DE AZPEITIA,primary_care,PAC,20018,Azpeitia,43.18143667003693,-2.267977469507896,"Jose Artetxe, 7, 20730 Azpeitia (Gipuzkoa)",2026-09-20,ODE_HEALTH_CENTRES_2026
entity17DDCC5A,Centro de Salud Mental de Beasain,mental_health,Centro de Salud Mental,20019,Beasain,43.05155274355186,-2.19005597084824,"Avenida Ezkiaga, 1-A, 20200 Beasain (Gipuzkoa)",2026-09-20,ODE_HEALTH_CENTRES_2026
entityBC631DA5,Ambulatorio de Beasain,primary_care,Ambulatorio,20019,Beasain,43.04527740634045,-2.1977014177917447,"Bernedo Enea, 1, 20200 Beasain (Gipuzkoa)",2026-09-20,ODE_HEALTH_CENTRES_2026
entity24E39531,Ambulatorio de Beasain,primary_care,Centro de Salud,20019,Beasain,43.04527740634045,-2.1977014177917447,"Bernedo Enea, 1, 20200 Beasain (Gipuzkoa)",2026-09-20,ODE_HEALTH_CENTRES_2026
entity38D83782,PAC DE BEASAIN,primary_care,PAC,20019,Beasain,43.04527740634045,-2.1977014177917447,"Bernedo Enea, 1, 20200 Beasain (Gipuzkoa)",2026-09-20,ODE_HEALTH_CENTRES_2026
entity58B952FE,Consultorio de Beizama,primary_care,Consultorio,20020,Beizama,43.13414544520059,-2.200279712634888,"Núcleo Beizama, 1, 20739 Beizama (Gipuzkoa)",2026-09-20,ODE_HEALTH_CENTRES_2026
entityCE9F796C,Consultorio de Belauntza,primary_care,Consultorio,20021,Belauntza,43.13479302421061,-2.0511328791385024,"Núcleo Hiriburu, 14, 20491 Belauntza (Gipuzkoa)",2026-09-20,ODE_HEALTH_CENTRES_2026
entity421CF1DE,Consultorio de Berastegi,primary_care,Consultorio,20022,Berastegi,43.124091640455646,-1.9793039026365664,"Plaza Herriko plaza, 1, 20492 Berastegi (Gipuzkoa)",2026-09-20,ODE_HEALTH_CENTRES_2026
entityB5A8FFF6,Consultorio de Berrobi,primary_care,Consultorio,20023,Berrobi,43.14564839600344,-2.0272017443670998,"Jose Maria Goikoetxea, 23, 20493 Berrobi (Gipuzkoa)",2026-09-20,ODE_HEALTH_CENTRES_2026
entity32419E1A,Consultorio de Bidania-Goiatz,primary_care,Consultorio,20024,Bidania-Goiatz,43.14008753872753,-2.1606788715978538,"Agerre-Azpi, 17, 20496 Bidania-Goiatz (Gipuzkoa)",2026-09-20,ODE_HEALTH_CENTRES_2026
entityEC2BA125,Consultorio de Zegama,primary_care,Consultorio,20025,Zegama,42.97485183209362,-2.289613393803866,"Olaran, 2, 20215 Zegama (Gipuzkoa)",2026-09-20,ODE_HEALTH_CENTRES_2026
entityD769B429,Consultorio de Zerain,primary_care,Consultorio,20026,Zerain,43.01258213502594,-2.2731912235961613,"Núcleo Zerain, 12-B, 20214 Zerain (Gipuzkoa)",2026-09-20,ODE_HEALTH_CENTRES_2026
entityC2AAF486,Centro de Salud de Zestoa,primary_care,Centro de Salud,20027,Zestoa,43.23959905551925,-2.257793830406939,"Plaza Euskal Herria, 1, 20740 Zestoa (Gipuzkoa)",2026-09-20,ODE_HEALTH_CENTRES_2026
entity3D67AC7E,Centro de Salud de Deba,primary_care,Centro de Salud,20029,Deba,43.2968697914459,-2.354233337164097,"Bastinuixa, 1, 20820 Deba (Gipuzkoa)",2026-09-20,ODE_HEALTH_CENTRES_2026
entityE5A4FE1E,Consultorio de Itziar,primary_care,Consultorio,20029,Deba,43.27583408160199,-2.3302608892242724,"Plaza Zabalsoro, 3, 20829 Deba (Gipuzkoa)",2026-09-20,ODE_HEALTH_CENTRES_2026
entity8712C3F6,Hospital de Eibar,hospital,Hospital,20030,Eibar,43.18234397228921,-2.482236927474425,"Avenida Otaola, 6, 20600 Eibar (Gipuzkoa)",2026-09-20,ODE_HEALTH_CENTRES_2026
entity7809ADB5,Centro de Salud Mental de Eibar,mental_health,Centro de Salud Mental,20030,Eibar,43.18448088339966,-2.479829262195021,"Torrekua, 1, 20600 Eibar (Gipuzkoa)",2026-09-20,ODE_HEALTH_CENTRES_2026
entity383A127E,Ambulatorio de Eibar,primary_care,Centro de Salud,20030,Eibar,43.186026185746265,-2.470748703052018,"Toribio Etxebarria, 29, 20600 Eibar (Gipuzkoa)",2026-09-20,ODE_HEALTH_CENTRES_2026
entity64796EFF,Ambulatorio de Eibar,primary_care,Ambulatorio,20030,Eibar,43.186026185746265,-2.470748703052018,"Toribio Etxebarria, 29, 20600 Eibar (Gipuzkoa)",2026-09-20,ODE_HEALTH_CENTRES_2026
entity97C609A4,Centro de Salud de Torrekua,primary_care,Centro de Salud,20030,Eibar,43.18234397228921,-2.482236927474425,"Avenida Otaola, 6, 20600 Eibar (Gipuzkoa)",2026-09-20,ODE_HEALTH_CENTRES_2026
entityD3E97B98,PAC DEL HOSPITAL DE EIBAR,primary_care,PAC,20030,Eibar,43.18234397228921,-2.482236927474425,"Avenida Otaola, 6, 20600 Eibar (Gipuzkoa)",2026-09-20,ODE_HEALTH_CENTRES_2026
entity7D4411E9,Consultorio de Elduain,primary_care,Consultorio,20031,Elduain,43.14086346072606,-2.000127466361488,"Núcleo Elduain, 1, 20493 Elduain (Gipuzkoa)",2026-09-20,ODE_HEALTH_CENTRES_2026
entity9843FCC6,Centro de Salud de Elgoibar,primary_care,Centro de Salud,20032,Elgoibar,43.215379844964495,-2.4131320975912622,"Bernardo Ezenarro, 13, 20870 Elgoibar (Gipuzkoa)",2026-09-20,ODE_HEALTH_CENTRES_2026
entityF197214B,Consultorio de Elgeta,primary_care,Consultorio,20033,Elgeta,43.136848205947935,-2.487675274481719,"Plaza Mendizaleen plaza, 3, 20690 Elgeta (Gipuzkoa)",2026-09-20,ODE_HEALTH_CENTRES_2026
entity4FB54082,Centro de Salud de Eskoriatza,primary_care,Centro de Salud,20034,Eskoriatza,43.01830113914543,-2.5248765678570524,"Plaza Eduardo Gorosarri, 7, 20540 Eskoriatza (Gipuzkoa)",2026-09-20,ODE_HEALTH_CENTRES_2026
entity837A9D6A,Consultorio de Ezkio-Itsaso,primary_care,Consultorio,20035,Ezkio-Itsaso,43.06489924972245,-2.277258882279827,"Errekabarrena, 5, 20709 Ezkio-Itsaso (Gipuzkoa)",2026-09-20,ODE_HEALTH_CENTRES_2026
entity7441E391,Hospital de Bidasoa,hospital,Hospital,20036,Hondarribia,43.341808455125886,-1.8148483033053324,"Barrio Jaitzubia, 154, 20280 Hondarribia (Gipuzkoa)",2026-09-20,ODE_HEALTH_CENTRES_2026
entity8EA5D441,Centro de Salud de Hondarribia,primary_care,Centro de Salud,20036,Hondarribia,43.3673393105757,-1.7930609474090815,"Matxin Arzu, 2, 20280 Hondarribia (Gipuzkoa)",2026-09-20,ODE_HEALTH_CENTRES_2026
entity63EF5EE9,Consultorio de Gabiria,primary_care,Consultorio,20038,Gabiria,43.05011240036527,-2.280266852659813,"Núcleo Gabiria, 5, 20217 Gabiria (Gipuzkoa)",2026-09-20,ODE_HEALTH_CENTRES_2026
entity83C716DD,Centro de Salud de Getaria,primary_care,Centro de Salud,20039,Getaria,43.30194715976432,-2.2058836953210568,"Avenida Cristóbal Balenciaga, 14, 20808 Getaria (Gipuzkoa)",2026-09-20,ODE_HEALTH_CENTRES_2026
entity7425D4D1,Centro de Salud de Hernani,primary_care,Centro de Salud,20040,Hernani,43.26734817861745,-1.977693872557828,"Aristizabal, 2, 20120 Hernani (Gipuzkoa)",2026-09-20,ODE_HEALTH_CENTRES_2026
entityEDE2CA03,PAC DE HERNANI,primary_care,PAC,20040,Hernani,43.26734817861745,-1.977693872557828,"Aristizabal, 2, 20120 Hernani (Gipuzkoa)",2026-09-20,ODE_HEALTH_CENTRES_2026
entity4D362056,Centro de Salud de Ibarra,primary_care,Centro de Salud,20042,Ibarra,43.132938987276994,-2.068756663696381,"Euskal Herria, 14, 20400 Ibarra (Gipuzkoa)",2026-09-20,ODE_HEALTH_CENTRES_2026
entityBFD365AA,Consultorio de Idiazabal,primary_care,Consultorio,20043,Idiazabal,43.01091383998051,-2.2345230946824897,"Kale Nagusia, 50, 20213 Idiazabal (Gipuzkoa)",2026-09-20,ODE_HEALTH_CENTRES_2026
entityD0F906D7,Consultorio de Ikaztegieta,primary_care,Consultorio,20044,Ikaztegieta,43.09322062692517,-2.126168795809712,"Barrio San Lorentzo, 0-B, 20267 Ikaztegieta (Gipuzkoa)",2026-09-20,ODE_HEALTH_CENTRES_2026
entityFBC226A8,Centro de Salud Mental de Irun,mental_health,Centro de Salud Mental,20045,Irun,43.33544343627544,-1.7875726664018368,"Virgen Milagrosa, 1, 20303 Irun (Gipuzkoa)",2026-09-20,ODE_HEALTH_CENTRES_2026
entity77741462,Equipo de Psiquiatría Infanto Juvenil de Irún,mental_health,Centro de Salud Mental,20045,Irun,43.33674829629418,-1.7877870697702454,"Eguzkiza, 13, 20280 Irun (Gipuzkoa)",2026-09-20,ODE_HEALTH_CENTRES_2026
entityDCF0E44B,Ambulatorio de Irun Centro,primary_care,Ambulatorio,20045,Irun,43.33750113266984,-1.7952194226885752,"Avenida Gipuzkoa, 15, 20302 Irun (Gipuzkoa)",2026-09-20,ODE_HEALTH_CENTRES_2026
entityFD00E6AA,Ambulatorio de Irun Centro,primary_care,Centro de Salud,20045,Irun,43.33750113266984,-1.7952194226885752,"Avenida Gipuzkoa, 15, 20302 Irun (Gipuzkoa)",2026-09-20,ODE_HEALTH_CENTRES_2026
entityDEE2EED1,Centro de Salud de Dumboa,primary_care,Centro de Salud,20045,Irun,43.33995263033484,-1.7810235803578958,"Avenida Navarra, 41, 20302 Irun (Gipuzkoa)",2026-09-20,ODE_HEALTH_CENTRES_2026
entity86D41A67,PAC DE IRUN CENTRO,primary_care,PAC,20045,Irun,43.33750113266984,-1.7952194226885752,"Avenida Gipuzkoa, 15, 20302 Irun (Gipuzkoa)",2026-09-20,ODE_HEALTH_CENTRES_2026
entityD69ECB4C,Consultorio de Irura,primary_care,Consultorio,20046,Irura,43.16696571277916,-2.0692120914812207,"Pello Arrese-Igor, 1, 20270 Irura (Gipuzkoa)",2026-09-20,ODE_HEALTH_CENTRES_2026
entity2721854A,Consultorio de Itsasondo,primary_care,Consultorio,20047,Itsasondo,43.0690430708654,-2.1636602290992903,"Kale Nagusia, 7, 20249 Itsasondo (Gipuzkoa)",2026-09-20,ODE_HEALTH_CENTRES_2026
entity3ABA1316,Centro de Salud de Lazkao,primary_care,Centro de Salud,20049,Lazkao,43.03412836130665,-2.1881247048566914,"Plaza Euskadi, 3, 20210 Lazkao (Gipuzkoa)",2026-09-20,ODE_HEALTH_CENTRES_2026
entity9EAEB1E4,Consultorio de Leaburu,primary_care,Consultorio,20050,Leaburu,43.1246988099968,-2.0518612519160966,"Barrio Leaburu, 2, 20491 Leaburu (Gipuzkoa)",2026-09-20,ODE_HEALTH_CENTRES_2026
entityB4343EC6,Consultorio de Txarama,primary_care,Consultorio,20050,Leaburu,43.115960473281895,-2.0734177771266,"Barrio Txarama, 4, 20400 Leaburu (Gipuzkoa)",2026-09-20,ODE_HEALTH_CENTRES_2026
entity94B2E778,Centro de Salud de Legazpi,primary_care,Centro de Salud,20051,Legazpi,43.052303727751806,-2.3336932743352725,"Latxartegi, 1, 20230 Legazpi (Gipuzkoa)",2026-09-20,ODE_HEALTH_CENTRES_2026
entity0304FECE,Consultorio de Legorreta,primary_care,Consultorio,20052,Legorreta,43.085250483572565,-2.1488853728392634,"Kale Nagusia, 12, 20250 Legorreta (Gipuzkoa)",2026-09-20,ODE_HEALTH_CENTRES_2026
entity4B0E440D,Centro de Salud de Lezo,primary_care,Centro de Salud,20053,Lezo,43.3216056215937,-1.8923397293566595,"Plaza Lopene, 4, 20100 Lezo (Gipuzkoa)",2026-09-20,ODE_HEALTH_CENTRES_2026
entityFE32842B,Consultorio de Lizartza,primary_care,Consultorio,20054,Lizartza,43.10306792772424,-2.0347600928212297,"Barrio Plaza Soro, 1, 20490 Lizartza (Gipuzkoa)",2026-09-20,ODE_HEALTH_CENTRES_2026
entity890F297C,Hospital de Alto Deba,hospital,Hospital,20055,Arrasate/Mondragón,43.06327803498619,-2.482371459545515,"Avenida Nafarroa, 16, 20500 Arrasate / Mondragón (Gipuzkoa)",2026-09-20,ODE_HEALTH_CENTRES_2026
entity8DA20792,Centro de Salud Mental de Arrasate,mental_health,Centro de Salud Mental,20055,Arrasate/Mondragón,43.0634076701305,-2.4831660437146232,"Avenida Nafarroa, 14, 20500 Arrasate / Mondragón (Gipuzkoa)",2026-09-20,ODE_HEALTH_CENTRES_2026
entity93AABD71,Centro de Salud de Arrasate,primary_care,Centro de Salud,20055,Arrasate/Mondragón,43.0634076701305,-2.4831660437146232,"Avenida Nafarroa, 14, 20500 Arrasate / Mondragón (Gipuzkoa)",2026-09-20,ODE_HEALTH_CENTRES_2026
entity13F7A477,Consultorio de Mutriku,primary_care,Consultorio,20056,Mutriku,43.30714101504333,-2.389105872797348,"Domingo Ibaibarriaga, 16, 20830 Mutriku (Gipuzkoa)",2026-09-20,ODE_HEALTH_CENTRES_2026
entity80EA1B01,Consultorio de Mutiloa,primary_care,Consultorio,20057,Mutiloa,43.022236886015925,-2.2733774043456507,"Núcleo Mutiloa Bildua, 1-A, 20214 Mutiloa (Gipuzkoa)",2026-09-20,ODE_HEALTH_CENTRES_2026
entityE020B623,Consultorio de Olaberria,primary_care,Consultorio,20058,Olaberria,43.03641821230378,-2.21612000552347,"Jose Maria Aristrain, 3, 20212 Olaberria (Gipuzkoa)",2026-09-20,ODE_HEALTH_CENTRES_2026
entity10969F0F,Centro de Salud de Oñati,primary_care,Centro de Salud,20059,Oñati,43.03294533081465,-2.416691126854892,"San Juan, 17, 20560 Oñati (Gipuzkoa)",2026-09-20,ODE_HEALTH_CENTRES_2026
entity1B396481,Consultorio de Orexa,primary_care,Consultorio,20060,Orexa,43.09391244165767,-2.01156404330839,"Plaza Errebote, 1, 20490 Orexa (Gipuzkoa)",2026-09-20,ODE_HEALTH_CENTRES_2026
entity46F83D6E,Centro de Salud de Orio,primary_care,Centro de Salud,20061,Orio,43.275981740386285,-2.1293245457376893,"Arrantzale, 1, 20810 Orio (Gipuzkoa)",2026-09-20,ODE_HEALTH_CENTRES_2026
entity771C7012,Consultorio de Ormaiztegi,primary_care,Consultorio,20062,Ormaiztegi,43.04271494532885,-2.255105982014164,"San Andres, 29, 20216 Ormaiztegi (Gipuzkoa)",2026-09-20,ODE_HEALTH_CENTRES_2026
entity84DCE82C,Centro de Salud de Oiartzun,primary_care,Centro de Salud,20063,Oiartzun,43.298445732744135,-1.8618250783313008,"Avenida Manuel Lekuona, 3, 20180 Oiartzun (Gipuzkoa)",2026-09-20,ODE_HEALTH_CENTRES_2026
entityA51B0B40,Ambulatorio de Pasai San Pedro,primary_care,Ambulatorio,20064,Pasaia,43.32329230919057,-1.929295713274758,"Marinel, 1, 20110 Pasaia (Gipuzkoa)",2026-09-20,ODE_HEALTH_CENTRES_2026
entity94943E11,Ambulatorio de Pasai San Pedro,primary_care,Centro de Salud,20064,Pasaia,43.32329230919057,-1.929295713274758,"Marinel, 1, 20110 Pasaia (Gipuzkoa)",2026-09-20,ODE_HEALTH_CENTRES_2026
entity90DD2178,Centro de Salud de Pasai Donibane,primary_care,Centro de Salud,20064,Pasaia,43.32453002335408,-1.917012644208508,"Donibane, 15, 20110 Pasaia (Gipuzkoa)",2026-09-20,ODE_HEALTH_CENTRES_2026
entity3C01C255,Consultorio de Soraluze,primary_care,Consultorio,20065,Soraluze-Placencia de las Armas,43.17487346216715,-2.4133782077691217,"Kalebarren, 13, 20590 Soraluze-Placencia de las Armas (Gipuzkoa)",2026-09-20,ODE_HEALTH_CENTRES_2026
entityD6C10D3B,Consultorio de Errezil,primary_care,Consultorio,20066,Errezil,43.16501931246312,-2.173912282481256,"Núcleo Errezil, 18, 20737 Errezil (Gipuzkoa)",2026-09-20,ODE_HEALTH_CENTRES_2026
entity9C21889E,Centro de Salud Mental de Errenteria,mental_health,Centro de Salud Mental,20067,Errenteria,43.31428829513423,-1.910771050610432,"Avenida Galtzaraborda, 69, 20100 Errenteria (Gipuzkoa)",2026-09-20,ODE_HEALTH_CENTRES_2026
entityBC1BAF15,Centro de Día de Errenteria,other_health,Otros,20067,Errenteria,43.31428829513423,-1.910771050610432,"Avenida Galtzaraborda, 69, 20100 Errenteria (Gipuzkoa)",2026-09-20,ODE_HEALTH_CENTRES_2026
entity91954134,Ambulatorio de Larzabal,primary_care,Ambulatorio,20067,Errenteria,43.309836750341866,-1.8827268326249151,"Barrio Lartzabal, 2, 20100 Errenteria (Gipuzkoa)",2026-09-20,ODE_HEALTH_CENTRES_2026
entity49268CAF,Centro de Salud de Errenteria-Beraun,primary_care,Centro de Salud,20067,Errenteria,43.31385089900464,-1.9112294233799652,"Avenida Galtzaraborda, 67, 20100 Errenteria (Gipuzkoa)",2026-09-20,ODE_HEALTH_CENTRES_2026
entity34E82C38,Centro de Salud de Errenteria-Iztieta,primary_care,Centro de Salud,20067,Errenteria,43.31523515088846,-1.9011669872702055,"San Sebastián, 1, 20100 Errenteria (Gipuzkoa)",2026-09-20,ODE_HEALTH_CENTRES_2026
entity488D63D1,PAC DE ERRENTERIA-IZTIETA,primary_care,PAC,20067,Errenteria,43.31523515088846,-1.9011669872702055,"San Sebastián, 1, 20100 Errenteria (Gipuzkoa)",2026-09-20,ODE_HEALTH_CENTRES_2026
entity2772BA48,Consultorio de Leintz-Gatzaga,primary_care,Consultorio,20068,Leintz-Gatzaga,42.98691579556596,-2.5679316841123225,"Plaza San Miguel, 2, 20530 Leintz-Gatzaga (Gipuzkoa)",2026-09-20,ODE_HEALTH_CENTRES_2026
entityB90C729B,Hospital Universitario de Donostia,hospital,Hospital,20069,Donostia / San Sebastián,43.292907649655966,-1.9687196827583755,"Paseo Doctor Begiristain, 109, 20014 Donostia / San Sebastián (Gipuzkoa)",2026-09-20,ODE_HEALTH_CENTRES_2026
entity4E9237C6,Centro de Salud Mental de Donostia Antiguo,mental_health,Centro de Salud Mental,20069,Donostia / San Sebastián,43.31361476246078,-2.005252359137495,"Avenida Zumalakarregi, 24, 20008 Donostia / San Sebastián (Gipuzkoa)",2026-09-20,ODE_HEALTH_CENTRES_2026
entity083DDCA3,Centro de Salud Mental de Donostia-Amara,mental_health,Centro de Salud Mental,20069,Donostia / San Sebastián,43.30808529171807,-1.981064078038852,"Jose Maria Salaberria, 9, 20010 Donostia / San Sebastián (Gipuzkoa)",2026-09-20,ODE_HEALTH_CENTRES_2026
entity08BBED20,Centro de Salud Mental de Donostia-Egia,mental_health,Centro de Salud Mental,20069,Donostia / San Sebastián,43.31696906345006,-1.9735555946224717,"Tejería, 2, 20012 Donostia / San Sebastián (Gipuzkoa)",2026-09-20,ODE_HEALTH_CENTRES_2026
entityCCC1F402,Centro de Salud Mental de Martutene (Centro Penitenciario),mental_health,Centro de Salud Mental,20069,Donostia / San Sebastián,43.30296440025264,-1.9580338122309977,"Paseo Martutene, 1, 20014 Donostia / San Sebastián (Gipuzkoa)",2026-09-20,ODE_HEALTH_CENTRES_2026
entity3398F257,Equipo de psiquiatría del niño y adolescente Donostialdea,mental_health,Centro de Salud Mental,20069,Donostia / San Sebastián,43.324126638192176,-1.982705117751455,"Aldamar, 20, 20003 Donostia / San Sebastián (Gipuzkoa)",2026-09-20,ODE_HEALTH_CENTRES_2026
entity9DDE91B6,Centro de Adicciones Bitarte,other_health,Otros,20069,Donostia / San Sebastián,43.32362024816622,-1.97021249893006,"Jose Arana, 7, 20001 Donostia / San Sebastián (Gipuzkoa)",2026-09-20,ODE_HEALTH_CENTRES_2026
entityD32FC8AF,Unidad de Atención Intensiva de Día,other_health,Otros,20069,Donostia / San Sebastián,43.30844800846867,-1.9918118509528924,"Paseo Aiete, 27, 20009 Donostia / San Sebastián (Gipuzkoa)",2026-09-20,ODE_HEALTH_CENTRES_2026
entity0D8E319C,Unidad de Atención Precoz,other_health,Otros,20069,Donostia / San Sebastián,43.30844800846867,-1.9918118509528924,"Paseo Aiete, 27 - Planta 2 / 2. Solairua, 20009 Donostia / San Sebastián (Gipuzkoa)",2026-09-20,ODE_HEALTH_CENTRES_2026
entityD96EC52F,Ambulatorio de Amara Berri,primary_care,Centro de Salud,20069,Donostia / San Sebastián,43.30597269636659,-1.9820014913420856,"Javier Barkaiztegi, 2, 20010 Donostia / San Sebastián (Gipuzkoa)",2026-09-20,ODE_HEALTH_CENTRES_2026
entity2C9E9AC2,Ambulatorio de Amara Berri,primary_care,Ambulatorio,20069,Donostia / San Sebastián,43.30597269636659,-1.9820014913420856,"Javier Barkaiztegi, 2, 20010 Donostia / San Sebastián (Gipuzkoa)",2026-09-20,ODE_HEALTH_CENTRES_2026
entityA0EB5C2F,Ambulatorio de Gros,primary_care,Ambulatorio,20069,Donostia / San Sebastián,43.325420614820295,-1.970594185206822,"Avenida Navarra, 14, 20013 Donostia / San Sebastián (Gipuzkoa)",2026-09-20,ODE_HEALTH_CENTRES_2026
entity9E82AF4A,Ambulatorio de Gros,primary_care,Centro de Salud,20069,Donostia / San Sebastián,43.325420614820295,-1.970594185206822,"Avenida Navarra, 14, 20013 Donostia / San Sebastián (Gipuzkoa)",2026-09-20,ODE_HEALTH_CENTRES_2026
entityF8EC1A1C,Centro de Salud de Aiete,primary_care,Centro de Salud,20069,Donostia / San Sebastián,43.30844800846867,-1.9918118509528924,"Paseo Aiete, 27, 20009 Donostia / San Sebastián (Gipuzkoa)",2026-09-20,ODE_HEALTH_CENTRES_2026
entityF0AB2E0A,Centro de Salud de Alde Zaharra,primary_care,Centro de Salud,20069,Donostia / San Sebastián,43.32293621867683,-1.9848533374531965,"Aldamar, s/n - Edificio Pescadería, 20003 Donostia / San Sebastián (Gipuzkoa)",2026-09-20,ODE_HEALTH_CENTRES_2026
entity00D25176,Centro de Salud de Altza,primary_care,Centro de Salud,20069,Donostia / San Sebastián,43.31661100985079,-1.9325920200546745,"Paseo Larratxo, 95, 20017 Donostia / San Sebastián (Gipuzkoa)",2026-09-20,ODE_HEALTH_CENTRES_2026
entity2BFB79C1,Centro de Salud de Amara Centro,primary_care,Centro de Salud,20069,Donostia / San Sebastián,43.31354117457219,-1.98013352701756,"Prim, 61, 20006 Donostia / San Sebastián (Gipuzkoa)",2026-09-20,ODE_HEALTH_CENTRES_2026
entity8B9FBAA9,Centro de Salud de Bidebieta,primary_care,Centro de Salud,20069,Donostia / San Sebastián,43.32328078592063,-1.9403148403026391,"Paseo Julio Urkixo, 24, 20016 Donostia / San Sebastián (Gipuzkoa)",2026-09-20,ODE_HEALTH_CENTRES_2026
entity9BA769CD,Centro de Salud de Egia,primary_care,Centro de Salud,20069,Donostia / San Sebastián,43.31604889179736,-1.971079946624063,"Ametzagaña, 8, 20012 Donostia / San Sebastián (Gipuzkoa)",2026-09-20,ODE_HEALTH_CENTRES_2026
entity6B5A894C,Centro de Salud de Intxaurrondo,primary_care,Centro de Salud,20069,Donostia / San Sebastián,43.31553302530196,-1.95538723690516,"Paseo Zarategi, 92, 20015 Donostia / San Sebastián (Gipuzkoa)",2026-09-20,ODE_HEALTH_CENTRES_2026
entity598620A3,Centro de Salud de Loiola,primary_care,Centro de Salud,20069,Donostia / San Sebastián,43.3050239686461,-1.9626118628057665,"Avenida Felisa Martín Bravo, 4, 20014 Donostia / San Sebastián (Gipuzkoa)",2026-09-20,ODE_HEALTH_CENTRES_2026
entityE49758E2,Centro de Salud de Martutene (Centro Penitenciario),primary_care,Centro de Salud,20069,Donostia / San Sebastián,43.30296440025264,-1.9580338122309977,"Paseo Martutene, 1, 20014 Donostia / San Sebastián (Gipuzkoa)",2026-09-20,ODE_HEALTH_CENTRES_2026
entityB72BE54E,Centro de Salud de Ondarreta,primary_care,Centro de Salud,20069,Donostia / San Sebastián,43.31361476246078,-2.005252359137495,"Avenida Zumalakarregi, 24, 20008 Donostia / San Sebastián (Gipuzkoa)",2026-09-20,ODE_HEALTH_CENTRES_2026
entityB32290B8,Centro de Salud de Pasai Antxo,primary_care,Centro de Salud,20069,Donostia / San Sebastián,43.31547743257897,-1.9191760466323704,"Eskalantegi, 68, 20110 Donostia / San Sebastián (Gipuzkoa)",2026-09-20,ODE_HEALTH_CENTRES_2026
entity2A3E39B5,PAC DE DONOSTIA,primary_care,PAC,20069,Donostia / San Sebastián,43.321899432877245,-1.98179049935228,"Bengoetxea, 4, 20004 Donostia / San Sebastián (Gipuzkoa)",2026-09-20,ODE_HEALTH_CENTRES_2026
entity26926018,PUNTO DE REFUERZO AMARA BERRI,primary_care,PAC,20069,Donostia / San Sebastián,43.30597269636659,-1.9820014913420856,"Javier Barkaiztegi, 2, 20010 Donostia / San Sebastián (Gipuzkoa)",2026-09-20,ODE_HEALTH_CENTRES_2026
entityBCD827A7,PUNTO DE REFUERZO GROS,primary_care,PAC,20069,Donostia / San Sebastián,43.325420614820295,-1.970594185206822,"Avenida Navarra, 14, 20013 Donostia / San Sebastián (Gipuzkoa)",2026-09-20,ODE_HEALTH_CENTRES_2026
entityEBF6CB77,Consultorio de Segura,primary_care,Consultorio,20070,Segura,43.00936659176156,-2.252950055931008,"Kale Nagusia, 9, 20214 Segura (Gipuzkoa)",2026-09-20,ODE_HEALTH_CENTRES_2026
entityA08EC1F6,Centro de Salud Mental de Tolosa,mental_health,Centro de Salud Mental,20071,Tolosa,43.136229860841006,-2.0790139331154105,"Barrio San Esteban, 21-B, 20400 Tolosa (Gipuzkoa)",2026-09-20,ODE_HEALTH_CENTRES_2026
entity37CC3072,Centro de Salud de Tolosa,primary_care,Centro de Salud,20071,Tolosa,43.13670767537059,-2.0765600223276954,"Jardín Gernikako Arbola, 10, 20400 Tolosa (Gipuzkoa)",2026-09-20,ODE_HEALTH_CENTRES_2026
entity02D72FD4,Consultorio de Amaroz,primary_care,Consultorio,20071,Tolosa,43.12603330320841,-2.077989186128764,"Barrio Amarotz, 10, 20400 Tolosa (Gipuzkoa)",2026-09-20,ODE_HEALTH_CENTRES_2026
entity8CC93949,Centro de Salud de Urnieta,primary_care,Centro de Salud,20072,Urnieta,43.25000137518337,-1.9901886016919872,"Plaza Etxeberri, 9, 20130 Urnieta (Gipuzkoa)",2026-09-20,ODE_HEALTH_CENTRES_2026
entity0F957D00,Centro de Salud de Usurbil,primary_care,Centro de Salud,20073,Usurbil,43.2719415007021,-2.049715864726021,"Paseo Gernika, 2, 20170 Usurbil (Gipuzkoa)",2026-09-20,ODE_HEALTH_CENTRES_2026
entity4ECBA8FE,Centro de Salud de Bergara,primary_care,Centro de Salud,20074,Bergara,43.11960327108315,-2.4182806922260456,"Paseo Boni Laskurain, 11, 20570 Bergara (Gipuzkoa)",2026-09-20,ODE_HEALTH_CENTRES_2026
entityB5228216,PAC DE BERGARA,primary_care,PAC,20074,Bergara,43.11960327108315,-2.4182806922260456,"Paseo Boni Laskurain, 11, 20570 Bergara (Gipuzkoa)",2026-09-20,ODE_HEALTH_CENTRES_2026
entity824911B8,PAC DE TOLOSALDEA,primary_care,PAC,20074,Bergara,43.11960327108315,-2.4182806922260456,"Paseo Boni Laskurain, 11, 20570 Bergara (Gipuzkoa)",2026-09-20,ODE_HEALTH_CENTRES_2026
entityF0E8348B,Centro de Salud de Villabona,primary_care,Centro de Salud,20075,Villabona,43.189218973972366,-2.052268749200748,"Erniobea, 0-A, 20150 Villabona (Gipuzkoa)",2026-09-20,ODE_HEALTH_CENTRES_2026
entity4EC7BAC0,Centro de Salud de Ordizia,primary_care,Centro de Salud,20076,Ordizia,43.05360119798279,-2.1781698586552003,"Etxezarreta, 11, 20240 Ordizia (Gipuzkoa)",2026-09-20,ODE_HEALTH_CENTRES_2026
entityE1FFA405,Consultorio de Zaldibia,primary_care,Consultorio,20078,Zaldibia,43.03856007832245,-2.150301065961195,"Santa Fe, 21-A, 20247 Zaldibia (Gipuzkoa)",2026-09-20,ODE_HEALTH_CENTRES_2026
entity46A22BE5,Centro de Salud Mental de Zarautz,mental_health,Centro de Salud Mental,20079,Zarautz,43.28226015370401,-2.1782658625817466,"Salbide, 10, 20800 Zarautz (Gipuzkoa)",2026-09-20,ODE_HEALTH_CENTRES_2026
entityFFC358CB,Ambulatorio de Zarautz,primary_care,Ambulatorio,20079,Zarautz,43.28226015370401,-2.1782658625817466,"Salbide, 10, 20800 Zarautz (Gipuzkoa)",2026-09-20,ODE_HEALTH_CENTRES_2026
entity5C9F8D19,Ambulatorio de Zarautz,primary_care,Centro de Salud,20079,Zarautz,43.28226015370401,-2.1782658625817466,"Salbide, 10, 20800 Zarautz (Gipuzkoa)",2026-09-20,ODE_HEALTH_CENTRES_2026
entityDC8FB110,PAC DE ZARAUTZ,primary_care,PAC,20079,Zarautz,43.28226015370401,-2.1782658625817466,"Salbide, 10, 20800 Zarautz (Gipuzkoa)",2026-09-20,ODE_HEALTH_CENTRES_2026
entityFFB756AE,Hospital de Día de Zumarraga,hospital,Hospital de Día,20080,Zumarraga,43.086460603321136,-2.317000942940739,"Hiri Lorategia, 20, 20700 Zumarraga (Gipuzkoa)",2026-09-20,ODE_HEALTH_CENTRES_2026
entity9768B2CE,Hospital de Zumarraga,hospital,Hospital,20080,Zumarraga,43.083862711467134,-2.3126616183348325,"Diseminado Sakabanatuak, 77, 20700 Zumarraga (Gipuzkoa)",2026-09-20,ODE_HEALTH_CENTRES_2026
entity716518B0,Centro de Salud Mental de Zumarraga,mental_health,Centro de Salud Mental,20080,Zumarraga,43.086460603321136,-2.317000942940739,"Hiri Lorategia, 20, 20700 Zumarraga (Gipuzkoa)",2026-09-20,ODE_HEALTH_CENTRES_2026
entityCF7A2788,Centro de Salud de Zumarraga,primary_care,Centro de Salud,20080,Zumarraga,43.08772509551919,-2.3201776327900534,"Plaza Geltokien plaza, 2, 20700 Zumarraga (Gipuzkoa)",2026-09-20,ODE_HEALTH_CENTRES_2026
entityC2BE5ED0,PUNTO DE REFUERZO ZUMARRAGA,primary_care,PAC,20080,Zumarraga,43.08772509551919,-2.3201776327900534,"Plaza Geltokien plaza, 2, 20700 Zumarraga (Gipuzkoa)",2026-09-20,ODE_HEALTH_CENTRES_2026
entityCE027A47,Centro de Salud de Zumaia,primary_care,Centro de Salud,20081,Zumaia,43.29224017778071,-2.2574197800217566,"Barrio Basadi, 15, 20750 Zumaia (Gipuzkoa)",2026-09-20,ODE_HEALTH_CENTRES_2026
entityEDEDD050,Hospital de Mendaro,hospital,Hospital,20901,Mendaro,43.25045193173712,-2.384859249546228,"Barrio Mendarozabal-Idiazabaltxo, 1, 20850 Mendaro (Gipuzkoa)",2026-09-20,ODE_HEALTH_CENTRES_2026
entity9B629AE2,Consultorio de Mendaro,primary_care,Consultorio,20901,Mendaro,43.2519740793383,-2.3863584060346303,"Avenida Kilimon, 7, 20850 Mendaro (Gipuzkoa)",2026-09-20,ODE_HEALTH_CENTRES_2026
entity855253D8,Unidad Terapéutica Educativa de Lasarte-Oria,other_health,Otros,20902,Lasarte-Oria,43.26411663237257,-2.015343243794401,"Camino Urnieta, 2, 20160 Lasarte-Oria (Gipuzkoa)",2026-09-20,ODE_HEALTH_CENTRES_2026
entityD49942B1,Centro de Salud de Lasarte-Oria,primary_care,Centro de Salud,20902,Lasarte-Oria,43.26771482934346,-2.018829088277635,"Camino Beko Kale, 1, 20160 Lasarte-Oria (Gipuzkoa)",2026-09-20,ODE_HEALTH_CENTRES_2026
entity0B11978C,Centro de Salud de Astigarraga,primary_care,Centro de Salud,20903,Astigarraga,43.2840466086258,-1.94811409644532,"Plaza Errekatxo, 9, 20115 Astigarraga (Gipuzkoa)",2026-09-20,ODE_HEALTH_CENTRES_2026
entity2BC8E9C2,Consultorio de Baliarrain,primary_care,Consultorio,20904,Baliarrain,43.06928112727821,-2.1279225831576336,"Andra Mari Zeruratze, 9, 20259 Baliarrain (Gipuzkoa)",2026-09-20,ODE_HEALTH_CENTRES_2026
entity859D0B9C,Consultorio de Gaztelu,primary_care,Consultorio,20907,Gaztelu,43.11615444900062,-2.0242981209437576,"Barrio Gaztelu, 1, 20491 Gaztelu (Gipuzkoa)",2026-09-20,ODE_HEALTH_CENTRES_2026
