municipality_code,municipality_name,population_total,population_65_plus,population_75_plus,pct_65_plus,pct_75_plus,reference_period,source_id
20001,Abaltzisketa,313,63,29,20.128,9.265,2025-01-01,EUSTAT_EMH_2025
20002,Aduna,507,75,36,14.793,7.101,2025-01-01,EUSTAT_EMH_2025
20003,Aizarnazabal,808,154,50,19.059,6.188,2025-01-01,EUSTAT_EMH_2025
20004,Albiztur,314,58,34,18.471,10.828,2025-01-01,EUSTAT_EMH_2025
20005,Alegia,1852,378,198,20.41,10.691,2025-01-01,EUSTAT_EMH_2025
20006,Alkiza,346,59,28,17.052,8.092,2025-01-01,EUSTAT_EMH_2025
20007,Altzo,400,81,34,20.25,8.5,2025-01-01,EUSTAT_EMH_2025
20008,Amezketa,935,210,101,22.46,10.802,2025-01-01,EUSTAT_EMH_2025
20009,Andoain,14732,3623,1929,24.593,13.094,2025-01-01,EUSTAT_EMH_2025
20010,Anoeta,2163,451,175,20.851,8.091,2025-01-01,EUSTAT_EMH_2025
20011,Antzuola,2123,479,250,22.562,11.776,2025-01-01,EUSTAT_EMH_2025
20012,Arama,181,40,27,22.099,14.917,2025-01-01,EUSTAT_EMH_2025
20013,Aretxabaleta,7183,1677,908,23.347,12.641,2025-01-01,EUSTAT_EMH_2025
20014,Asteasu,1527,273,138,17.878,9.037,2025-01-01,EUSTAT_EMH_2025
20015,Ataun,1723,387,203,22.461,11.782,2025-01-01,EUSTAT_EMH_2025
20016,Aia,2127,395,183,18.571,8.604,2025-01-01,EUSTAT_EMH_2025
20017,Azkoitia,12084,2520,1253,20.854,10.369,2025-01-01,EUSTAT_EMH_2025
20018,Azpeitia,15431,3484,1780,22.578,11.535,2025-01-01,EUSTAT_EMH_2025
20019,Beasain,13915,3129,1541,22.487,11.074,2025-01-01,EUSTAT_EMH_2025
20020,Beizama,101,26,14,25.743,13.861,2025-01-01,EUSTAT_EMH_2025
20021,Belauntza,314,75,33,23.885,10.51,2025-01-01,EUSTAT_EMH_2025
20022,Berastegi,1088,258,92,23.713,8.456,2025-01-01,EUSTAT_EMH_2025
20023,Berrobi,588,115,61,19.558,10.374,2025-01-01,EUSTAT_EMH_2025
20024,Bidania-Goiatz,528,103,45,19.508,8.523,2025-01-01,EUSTAT_EMH_2025
20025,Zegama,1560,339,156,21.731,10.0,2025-01-01,EUSTAT_EMH_2025
20026,Zerain,290,81,41,27.931,14.138,2025-01-01,EUSTAT_EMH_2025
20027,Zestoa,3908,762,387,19.498,9.903,2025-01-01,EUSTAT_EMH_2025
20028,Zizurkil,2904,639,339,22.004,11.674,2025-01-01,EUSTAT_EMH_2025
20029,Deba,5364,1473,687,27.461,12.808,2025-01-01,EUSTAT_EMH_2025
20030,Eibar,27118,7101,3727,26.186,13.744,2025-01-01,EUSTAT_EMH_2025
20031,Elduain,239,36,19,15.063,7.95,2025-01-01,EUSTAT_EMH_2025
20032,Elgoibar,11659,2794,1420,23.964,12.179,2025-01-01,EUSTAT_EMH_2025
20033,Elgeta,1109,227,108,20.469,9.739,2025-01-01,EUSTAT_EMH_2025
20034,Eskoriatza,4227,961,497,22.735,11.758,2025-01-01,EUSTAT_EMH_2025
20035,Ezkio-Itsaso,632,164,83,25.949,13.133,2025-01-01,EUSTAT_EMH_2025
20036,Hondarribia,16960,4377,2254,25.808,13.29,2025-01-01,EUSTAT_EMH_2025
20037,Gaintza,124,27,13,21.774,10.484,2025-01-01,EUSTAT_EMH_2025
20038,Gabiria,542,123,55,22.694,10.148,2025-01-01,EUSTAT_EMH_2025
20039,Getaria,2931,574,301,19.584,10.27,2025-01-01,EUSTAT_EMH_2025
20040,Hernani,20428,4557,2298,22.308,11.249,2025-01-01,EUSTAT_EMH_2025
20041,Hernialde,323,82,27,25.387,8.359,2025-01-01,EUSTAT_EMH_2025
20042,Ibarra,4076,1127,574,27.65,14.082,2025-01-01,EUSTAT_EMH_2025
20043,Idiazabal,2279,559,299,24.528,13.12,2025-01-01,EUSTAT_EMH_2025
20044,Ikaztegieta,488,115,49,23.566,10.041,2025-01-01,EUSTAT_EMH_2025
20045,Irun,60665,14709,7604,24.246,12.534,2025-01-01,EUSTAT_EMH_2025
20046,Irura,1846,222,91,12.026,4.93,2025-01-01,EUSTAT_EMH_2025
20047,Itsasondo,702,121,66,17.236,9.402,2025-01-01,EUSTAT_EMH_2025
20048,Larraul,262,39,12,14.885,4.58,2025-01-01,EUSTAT_EMH_2025
20049,Lazkao,5888,1147,558,19.48,9.477,2025-01-01,EUSTAT_EMH_2025
20050,Leaburu,383,89,43,23.238,11.227,2025-01-01,EUSTAT_EMH_2025
20051,Legazpi,8377,2276,1190,27.17,14.206,2025-01-01,EUSTAT_EMH_2025
20052,Legorreta,1499,309,165,20.614,11.007,2025-01-01,EUSTAT_EMH_2025
20053,Lezo,6188,1345,543,21.736,8.775,2025-01-01,EUSTAT_EMH_2025
20054,Lizartza,700,147,77,21.0,11.0,2025-01-01,EUSTAT_EMH_2025
20055,Arrasate/Mondragón,22251,5903,2982,26.529,13.402,2025-01-01,EUSTAT_EMH_2025
20056,Mutriku,5283,1265,630,23.945,11.925,2025-01-01,EUSTAT_EMH_2025
20057,Mutiloa,249,47,26,18.876,10.442,2025-01-01,EUSTAT_EMH_2025
20058,Olaberria,950,228,148,24.0,15.579,2025-01-01,EUSTAT_EMH_2025
20059,Oñati,11445,2839,1443,24.806,12.608,2025-01-01,EUSTAT_EMH_2025
20060,Orexa,99,20,9,20.202,9.091,2025-01-01,EUSTAT_EMH_2025
20061,Orio,6197,1174,575,18.945,9.279,2025-01-01,EUSTAT_EMH_2025
20062,Ormaiztegi,1290,303,137,23.488,10.62,2025-01-01,EUSTAT_EMH_2025
20063,Oiartzun,10473,2369,1138,22.62,10.866,2025-01-01,EUSTAT_EMH_2025
20064,Pasaia,16767,3719,2053,22.18,12.244,2025-01-01,EUSTAT_EMH_2025
20065,Soraluze-Placencia de las Armas,3765,948,496,25.179,13.174,2025-01-01,EUSTAT_EMH_2025
20066,Errezil,602,119,54,19.767,8.97,2025-01-01,EUSTAT_EMH_2025
20067,Errenteria,39779,9667,5372,24.302,13.505,2025-01-01,EUSTAT_EMH_2025
20068,Leintz-Gatzaga,224,58,26,25.893,11.607,2025-01-01,EUSTAT_EMH_2025
20069,Donostia / San Sebastián,183388,48832,24884,26.628,13.569,2025-01-01,EUSTAT_EMH_2025
20070,Segura,1499,316,140,21.081,9.34,2025-01-01,EUSTAT_EMH_2025
20071,Tolosa,20048,4718,2432,23.534,12.131,2025-01-01,EUSTAT_EMH_2025
20072,Urnieta,6294,1244,585,19.765,9.295,2025-01-01,EUSTAT_EMH_2025
20073,Usurbil,6485,1310,653,20.2,10.069,2025-01-01,EUSTAT_EMH_2025
20074,Bergara,14725,3735,1950,25.365,13.243,2025-01-01,EUSTAT_EMH_2025
20075,Villabona,5778,1340,696,23.191,12.046,2025-01-01,EUSTAT_EMH_2025
20076,Ordizia,10398,2137,1119,20.552,10.762,2025-01-01,EUSTAT_EMH_2025
20077,Urretxu,6795,1621,845,23.856,12.436,2025-01-01,EUSTAT_EMH_2025
20078,Zaldibia,1766,380,187,21.518,10.589,2025-01-01,EUSTAT_EMH_2025
20079,Zarautz,23464,5467,2733,23.3,11.648,2025-01-01,EUSTAT_EMH_2025
20080,Zumarraga,9568,2441,1353,25.512,14.141,2025-01-01,EUSTAT_EMH_2025
20081,Zumaia,10001,2212,1033,22.118,10.329,2025-01-01,EUSTAT_EMH_2025
20901,Mendaro,2049,377,196,18.399,9.566,2025-01-01,EUSTAT_EMH_2025
20902,Lasarte-Oria,19808,4870,2829,24.586,14.282,2025-01-01,EUSTAT_EMH_2025
20903,Astigarraga,7665,1038,433,13.542,5.649,2025-01-01,EUSTAT_EMH_2025
20904,Baliarrain,159,16,4,10.063,2.516,2025-01-01,EUSTAT_EMH_2025
20905,Orendain,241,34,22,14.108,9.129,2025-01-01,EUSTAT_EMH_2025
20906,Altzaga,159,33,18,20.755,11.321,2025-01-01,EUSTAT_EMH_2025
20907,Gaztelu,179,37,11,20.67,6.145,2025-01-01,EUSTAT_EMH_2025
