municipality_code,municipality_name,population_total,population_65_plus,population_75_plus,pct_65_plus,pct_75_plus,reference_period,source_id,area_km2,services_hospital,services_mental_health,services_other_health,services_primary_care,services_total,primary_care_per_10000_65_plus,primary_care_per_10000_75_plus,hospital_per_10000_65_plus,hospital_per_10000_75_plus,mental_health_per_10000_65_plus,mental_health_per_10000_75_plus,other_health_per_10000_65_plus,other_health_per_10000_75_plus,representative_point_longitude,representative_point_latitude,distance_to_nearest_primary_care_m,distance_to_nearest_hospital_m,distance_to_nearest_mental_health_m,distance_to_nearest_other_health_m,metrics_reference_period,source_ids
20001,Abaltzisketa,313,63,29,20.128,9.265,2025-01-01,G360_DERIVED_MUNICIPAL_METRICS_V1,11.499872660531404,0,0,0,1,1,158.73,344.828,0.0,0.0,0.0,0.0,0.0,0.0,-2.1047532,43.0352835,1394.2,17769.5,7179.5,26433.5,demography=2025-01-01;services=2026-09-20;geography=2025-05-07,EUSTAT_EMH_2025|ODE_HEALTH_CENTRES_2026|GEOEUSKADI_MUNICIPIOS_2025
20002,Aduna,507,75,36,14.793,7.101,2025-01-01,G360_DERIVED_MUNICIPAL_METRICS_V1,7.035348563085305,0,0,0,0,0,0.0,0.0,0.0,0.0,0.0,0.0,0.0,0.0,-2.0593393,43.2134915,2756.2,11485.3,3137.2,6661.4,demography=2025-01-01;services=2026-09-20;geography=2025-05-07,EUSTAT_EMH_2025|ODE_HEALTH_CENTRES_2026|GEOEUSKADI_MUNICIPIOS_2025
20003,Aizarnazabal,808,154,50,19.059,6.188,2025-01-01,G360_DERIVED_MUNICIPAL_METRICS_V1,6.540372163090826,0,0,0,1,1,64.935,200.0,0.0,0.0,0.0,0.0,0.0,0.0,-2.2328333,43.2643676,1146.7,12436.4,4853.6,17652.2,demography=2025-01-01;services=2026-09-20;geography=2025-05-07,EUSTAT_EMH_2025|ODE_HEALTH_CENTRES_2026|GEOEUSKADI_MUNICIPIOS_2025
20004,Albiztur,314,58,34,18.471,10.828,2025-01-01,G360_DERIVED_MUNICIPAL_METRICS_V1,12.71288207883457,0,0,0,1,1,172.414,294.118,0.0,0.0,0.0,0.0,0.0,0.0,-2.1313137,43.1357269,809.9,15840.1,4254.1,17091.0,demography=2025-01-01;services=2026-09-20;geography=2025-05-07,EUSTAT_EMH_2025|ODE_HEALTH_CENTRES_2026|GEOEUSKADI_MUNICIPIOS_2025
20005,Alegia,1852,378,198,20.41,10.691,2025-01-01,G360_DERIVED_MUNICIPAL_METRICS_V1,7.754163198062981,0,0,0,1,1,26.455,50.505,0.0,0.0,0.0,0.0,0.0,0.0,-2.1011751,43.0977497,386.1,17282.3,4638.3,19749.7,demography=2025-01-01;services=2026-09-20;geography=2025-05-07,EUSTAT_EMH_2025|ODE_HEALTH_CENTRES_2026|GEOEUSKADI_MUNICIPIOS_2025
20006,Alkiza,346,59,28,17.052,8.092,2025-01-01,G360_DERIVED_MUNICIPAL_METRICS_V1,12.01428122947962,0,0,0,0,0,0.0,0.0,0.0,0.0,0.0,0.0,0.0,0.0,-2.1162597,43.1718197,2855.9,18011.2,4979.4,13124.9,demography=2025-01-01;services=2026-09-20;geography=2025-05-07,EUSTAT_EMH_2025|ODE_HEALTH_CENTRES_2026|GEOEUSKADI_MUNICIPIOS_2025
20007,Altzo,400,81,34,20.25,8.5,2025-01-01,G360_DERIVED_MUNICIPAL_METRICS_V1,9.777626174479805,0,0,0,0,0,0.0,0.0,0.0,0.0,0.0,0.0,0.0,0.0,-2.0692585,43.0938644,2477.2,19842.9,4771.5,19409.4,demography=2025-01-01;services=2026-09-20;geography=2025-05-07,EUSTAT_EMH_2025|ODE_HEALTH_CENTRES_2026|GEOEUSKADI_MUNICIPIOS_2025
20008,Amezketa,935,210,101,22.46,10.802,2025-01-01,G360_DERIVED_MUNICIPAL_METRICS_V1,20.588517985872098,0,0,0,1,1,47.619,99.01,0.0,0.0,0.0,0.0,0.0,0.0,-2.0690373,43.0519861,1570.5,20150.0,9391.1,23960.2,demography=2025-01-01;services=2026-09-20;geography=2025-05-07,EUSTAT_EMH_2025|ODE_HEALTH_CENTRES_2026|GEOEUSKADI_MUNICIPIOS_2025
20009,Andoain,14732,3623,1929,24.593,13.094,2025-01-01,G360_DERIVED_MUNICIPAL_METRICS_V1,27.18634392077157,0,1,0,1,2,2.76,5.184,0.0,0.0,2.76,5.184,0.0,0.0,-2.0138364,43.2162864,873.2,9264.4,873.2,5313.5,demography=2025-01-01;services=2026-09-20;geography=2025-05-07,EUSTAT_EMH_2025|ODE_HEALTH_CENTRES_2026|GEOEUSKADI_MUNICIPIOS_2025
20010,Anoeta,2163,451,175,20.851,8.091,2025-01-01,G360_DERIVED_MUNICIPAL_METRICS_V1,4.102431856462305,0,0,0,1,1,22.173,57.143,0.0,0.0,0.0,0.0,0.0,0.0,-2.079251,43.165582,751.1,16749.4,3259.9,12112.2,demography=2025-01-01;services=2026-09-20;geography=2025-05-07,EUSTAT_EMH_2025|ODE_HEALTH_CENTRES_2026|GEOEUSKADI_MUNICIPIOS_2025
20011,Antzuola,2123,479,250,22.562,11.776,2025-01-01,G360_DERIVED_MUNICIPAL_METRICS_V1,27.906882423659138,0,0,0,1,1,20.877,40.0,0.0,0.0,0.0,0.0,0.0,0.0,-2.3754891,43.0964133,544.4,4887.0,4887.0,34693.5,demography=2025-01-01;services=2026-09-20;geography=2025-05-07,EUSTAT_EMH_2025|ODE_HEALTH_CENTRES_2026|GEOEUSKADI_MUNICIPIOS_2025
20012,Arama,181,40,27,22.099,14.917,2025-01-01,G360_DERIVED_MUNICIPAL_METRICS_V1,1.3625340641207564,0,0,0,0,0,0.0,0.0,0.0,0.0,0.0,0.0,0.0,0.0,-2.1629113,43.0593429,1079.0,12492.7,2373.9,25712.4,demography=2025-01-01;services=2026-09-20;geography=2025-05-07,EUSTAT_EMH_2025|ODE_HEALTH_CENTRES_2026|GEOEUSKADI_MUNICIPIOS_2025
20013,Aretxabaleta,7183,1677,908,23.347,12.641,2025-01-01,G360_DERIVED_MUNICIPAL_METRICS_V1,26.943937405863437,0,0,0,1,1,5.963,11.013,0.0,0.0,0.0,0.0,0.0,0.0,-2.4793842,43.010081,3509.2,5912.6,5930.0,47119.9,demography=2025-01-01;services=2026-09-20;geography=2025-05-07,EUSTAT_EMH_2025|ODE_HEALTH_CENTRES_2026|GEOEUSKADI_MUNICIPIOS_2025
20014,Asteasu,1527,273,138,17.878,9.037,2025-01-01,G360_DERIVED_MUNICIPAL_METRICS_V1,16.867816836980452,0,0,0,1,1,36.63,72.464,0.0,0.0,0.0,0.0,0.0,0.0,-2.120481,43.2032328,2122.0,15842.8,8169.2,10891.0,demography=2025-01-01;services=2026-09-20;geography=2025-05-07,EUSTAT_EMH_2025|ODE_HEALTH_CENTRES_2026|GEOEUSKADI_MUNICIPIOS_2025
20015,Ataun,1723,387,203,22.461,11.782,2025-01-01,G360_DERIVED_MUNICIPAL_METRICS_V1,58.36793468529906,0,0,0,2,2,51.68,98.522,0.0,0.0,0.0,0.0,0.0,0.0,-2.1675105,42.9779648,1054.1,16677.9,8376.3,34105.5,demography=2025-01-01;services=2026-09-20;geography=2025-05-07,EUSTAT_EMH_2025|ODE_HEALTH_CENTRES_2026|GEOEUSKADI_MUNICIPIOS_2025
20016,Aia,2127,395,183,18.571,8.604,2025-01-01,G360_DERIVED_MUNICIPAL_METRICS_V1,55.1751669258766,0,0,0,1,1,25.316,54.645,0.0,0.0,0.0,0.0,0.0,0.0,-2.1490991,43.2435104,676.1,15633.6,4911.7,11096.5,demography=2025-01-01;services=2026-09-20;geography=2025-05-07,EUSTAT_EMH_2025|ODE_HEALTH_CENTRES_2026|GEOEUSKADI_MUNICIPIOS_2025
20017,Azkoitia,12084,2520,1253,20.854,10.369,2025-01-01,G360_DERIVED_MUNICIPAL_METRICS_V1,55.19951147869225,0,0,0,1,1,3.968,7.981,0.0,0.0,0.0,0.0,0.0,0.0,-2.3291954,43.1749358,1157.2,9527.8,5027.6,27348.2,demography=2025-01-01;services=2026-09-20;geography=2025-05-07,EUSTAT_EMH_2025|ODE_HEALTH_CENTRES_2026|GEOEUSKADI_MUNICIPIOS_2025
20018,Azpeitia,15431,3484,1780,22.578,11.535,2025-01-01,G360_DERIVED_MUNICIPAL_METRICS_V1,69.22171951382239,0,1,0,4,5,11.481,22.472,0.0,0.0,2.87,5.618,0.0,0.0,-2.257571,43.1653067,1406.8,10002.2,1981.0,22529.2,demography=2025-01-01;services=2026-09-20;geography=2025-05-07,EUSTAT_EMH_2025|ODE_HEALTH_CENTRES_2026|GEOEUSKADI_MUNICIPIOS_2025
20019,Beasain,13915,3129,1541,22.487,11.074,2025-01-01,G360_DERIVED_MUNICIPAL_METRICS_V1,29.94251983903037,0,1,0,3,4,9.588,19.468,0.0,0.0,3.196,6.489,0.0,0.0,-2.2165435,43.0747736,3617.3,7889.5,3361.9,26639.9,demography=2025-01-01;services=2026-09-20;geography=2025-05-07,EUSTAT_EMH_2025|ODE_HEALTH_CENTRES_2026|GEOEUSKADI_MUNICIPIOS_2025
20020,Beizama,101,26,14,25.743,13.861,2025-01-01,G360_DERIVED_MUNICIPAL_METRICS_V1,16.550786400367258,0,0,0,1,1,384.615,714.286,0.0,0.0,0.0,0.0,0.0,0.0,-2.2028857,43.1269994,821.4,10136.2,8034.9,21543.3,demography=2025-01-01;services=2026-09-20;geography=2025-05-07,EUSTAT_EMH_2025|ODE_HEALTH_CENTRES_2026|GEOEUSKADI_MUNICIPIOS_2025
20021,Belauntza,314,75,33,23.885,10.51,2025-01-01,G360_DERIVED_MUNICIPAL_METRICS_V1,3.4298050136647156,0,0,0,1,1,133.333,303.03,0.0,0.0,0.0,0.0,0.0,0.0,-2.0423724,43.1365707,739.4,18364.9,2980.4,14334.6,demography=2025-01-01;services=2026-09-20;geography=2025-05-07,EUSTAT_EMH_2025|ODE_HEALTH_CENTRES_2026|GEOEUSKADI_MUNICIPIOS_2025
20022,Berastegi,1088,258,92,23.713,8.456,2025-01-01,G360_DERIVED_MUNICIPAL_METRICS_V1,45.702360229118476,0,0,0,1,1,38.76,108.696,0.0,0.0,0.0,0.0,0.0,0.0,-1.957862,43.1281243,1800.8,18322.4,9895.5,15809.2,demography=2025-01-01;services=2026-09-20;geography=2025-05-07,EUSTAT_EMH_2025|ODE_HEALTH_CENTRES_2026|GEOEUSKADI_MUNICIPIOS_2025
20023,Berrobi,588,115,61,19.558,10.374,2025-01-01,G360_DERIVED_MUNICIPAL_METRICS_V1,2.9581461193190455,0,0,0,1,1,86.957,163.934,0.0,0.0,0.0,0.0,0.0,0.0,-2.0277955,43.1457477,49.5,17033.6,4297.5,13185.0,demography=2025-01-01;services=2026-09-20;geography=2025-05-07,EUSTAT_EMH_2025|ODE_HEALTH_CENTRES_2026|GEOEUSKADI_MUNICIPIOS_2025
20024,Bidania-Goiatz,528,103,45,19.508,8.523,2025-01-01,G360_DERIVED_MUNICIPAL_METRICS_V1,13.741467757052447,0,0,0,1,1,97.087,222.222,0.0,0.0,0.0,0.0,0.0,0.0,-2.1669964,43.1387285,535.5,13326.6,7161.1,18594.0,demography=2025-01-01;services=2026-09-20;geography=2025-05-07,EUSTAT_EMH_2025|ODE_HEALTH_CENTRES_2026|GEOEUSKADI_MUNICIPIOS_2025
20025,Zegama,1560,339,156,21.731,10.0,2025-01-01,G360_DERIVED_MUNICIPAL_METRICS_V1,34.82744537230791,0,0,0,1,1,29.499,64.103,0.0,0.0,0.0,0.0,0.0,0.0,-2.3001304,42.9655239,1344.9,13181.5,13105.6,40453.8,demography=2025-01-01;services=2026-09-20;geography=2025-05-07,EUSTAT_EMH_2025|ODE_HEALTH_CENTRES_2026|GEOEUSKADI_MUNICIPIOS_2025
20026,Zerain,290,81,41,27.931,14.138,2025-01-01,G360_DERIVED_MUNICIPAL_METRICS_V1,10.168120347619107,0,0,0,1,1,123.457,243.902,0.0,0.0,0.0,0.0,0.0,0.0,-2.287963,43.0087032,1278.6,8585.7,8953.3,36003.3,demography=2025-01-01;services=2026-09-20;geography=2025-05-07,EUSTAT_EMH_2025|ODE_HEALTH_CENTRES_2026|GEOEUSKADI_MUNICIPIOS_2025
20027,Zestoa,3908,762,387,19.498,9.903,2025-01-01,G360_DERIVED_MUNICIPAL_METRICS_V1,43.662960867744346,0,0,0,1,1,13.123,25.84,0.0,0.0,0.0,0.0,0.0,0.0,-2.2481628,43.243611,900.0,11123.6,7090.0,19036.3,demography=2025-01-01;services=2026-09-20;geography=2025-05-07,EUSTAT_EMH_2025|ODE_HEALTH_CENTRES_2026|GEOEUSKADI_MUNICIPIOS_2025
20028,Zizurkil,2904,639,339,22.004,11.674,2025-01-01,G360_DERIVED_MUNICIPAL_METRICS_V1,15.652089213788509,0,0,0,0,0,0.0,0.0,0.0,0.0,0.0,0.0,0.0,0.0,-2.0836756,43.2133937,2469.6,12848.1,5069.2,7906.9,demography=2025-01-01;services=2026-09-20;geography=2025-05-07,EUSTAT_EMH_2025|ODE_HEALTH_CENTRES_2026|GEOEUSKADI_MUNICIPIOS_2025
20029,Deba,5364,1473,687,27.461,12.808,2025-01-01,G360_DERIVED_MUNICIPAL_METRICS_V1,50.19328260130587,0,0,0,2,2,13.578,29.112,0.0,0.0,0.0,0.0,0.0,0.0,-2.3276181,43.2579134,2001.8,4719.8,9777.6,25355.8,demography=2025-01-01;services=2026-09-20;geography=2025-05-07,EUSTAT_EMH_2025|ODE_HEALTH_CENTRES_2026|GEOEUSKADI_MUNICIPIOS_2025
20030,Eibar,27118,7101,3727,26.186,13.744,2025-01-01,G360_DERIVED_MUNICIPAL_METRICS_V1,24.556533447491315,1,1,0,4,6,5.633,10.732,1.408,2.683,1.408,2.683,0.0,0.0,-2.4620346,43.1950117,1223.6,2162.0,1859.7,37077.9,demography=2025-01-01;services=2026-09-20;geography=2025-05-07,EUSTAT_EMH_2025|ODE_HEALTH_CENTRES_2026|GEOEUSKADI_MUNICIPIOS_2025
20031,Elduain,239,36,19,15.063,7.95,2025-01-01,G360_DERIVED_MUNICIPAL_METRICS_V1,25.241712444692695,0,0,0,1,1,277.778,526.316,0.0,0.0,0.0,0.0,0.0,0.0,-1.9861256,43.1563679,2064.3,15230.1,7777.3,12199.8,demography=2025-01-01;services=2026-09-20;geography=2025-05-07,EUSTAT_EMH_2025|ODE_HEALTH_CENTRES_2026|GEOEUSKADI_MUNICIPIOS_2025
20032,Elgoibar,11659,2794,1420,23.964,12.179,2025-01-01,G360_DERIVED_MUNICIPAL_METRICS_V1,38.826959818526255,0,0,0,1,1,3.579,7.042,0.0,0.0,0.0,0.0,0.0,0.0,-2.3995752,43.2101646,1244.2,4631.0,7117.1,31769.2,demography=2025-01-01;services=2026-09-20;geography=2025-05-07,EUSTAT_EMH_2025|ODE_HEALTH_CENTRES_2026|GEOEUSKADI_MUNICIPIOS_2025
20033,Elgeta,1109,227,108,20.469,9.739,2025-01-01,G360_DERIVED_MUNICIPAL_METRICS_V1,17.518091245027914,0,0,0,1,1,44.053,92.593,0.0,0.0,0.0,0.0,0.0,0.0,-2.4801632,43.1484891,1429.8,3763.5,3997.1,39885.1,demography=2025-01-01;services=2026-09-20;geography=2025-05-07,EUSTAT_EMH_2025|ODE_HEALTH_CENTRES_2026|GEOEUSKADI_MUNICIPIOS_2025
20034,Eskoriatza,4227,961,497,22.735,11.758,2025-01-01,G360_DERIVED_MUNICIPAL_METRICS_V1,40.322368866163515,0,0,0,1,1,10.406,20.121,0.0,0.0,0.0,0.0,0.0,0.0,-2.5499455,43.0024219,2261.6,8716.5,8687.0,52300.3,demography=2025-01-01;services=2026-09-20;geography=2025-05-07,EUSTAT_EMH_2025|ODE_HEALTH_CENTRES_2026|GEOEUSKADI_MUNICIPIOS_2025
20035,Ezkio-Itsaso,632,164,83,25.949,13.133,2025-01-01,G360_DERIVED_MUNICIPAL_METRICS_V1,21.21789117331292,0,0,0,1,1,60.976,120.482,0.0,0.0,0.0,0.0,0.0,0.0,-2.2705022,43.0832427,2110.1,3432.5,3801.8,28873.2,demography=2025-01-01;services=2026-09-20;geography=2025-05-07,EUSTAT_EMH_2025|ODE_HEALTH_CENTRES_2026|GEOEUSKADI_MUNICIPIOS_2025
20036,Hondarribia,16960,4377,2254,25.808,13.29,2025-01-01,G360_DERIVED_MUNICIPAL_METRICS_V1,29.756653294748617,1,0,0,1,2,2.285,4.437,2.285,4.437,0.0,0.0,0.0,0.0,-1.8239952,43.3617119,2583.5,2331.6,4037.4,8788.1,demography=2025-01-01;services=2026-09-20;geography=2025-05-07,EUSTAT_EMH_2025|ODE_HEALTH_CENTRES_2026|GEOEUSKADI_MUNICIPIOS_2025
20037,Gaintza,124,27,13,21.774,10.484,2025-01-01,G360_DERIVED_MUNICIPAL_METRICS_V1,5.8989862785204155,0,0,0,0,0,0.0,0.0,0.0,0.0,0.0,0.0,0.0,0.0,-2.1324256,43.0546598,1664.7,15029.0,4706.2,25134.4,demography=2025-01-01;services=2026-09-20;geography=2025-05-07,EUSTAT_EMH_2025|ODE_HEALTH_CENTRES_2026|GEOEUSKADI_MUNICIPIOS_2025
20038,Gabiria,542,123,55,22.694,10.148,2025-01-01,G360_DERIVED_MUNICIPAL_METRICS_V1,14.826865030335222,0,0,0,1,1,81.301,181.818,0.0,0.0,0.0,0.0,0.0,0.0,-2.293212,43.0514759,1065.1,3929.9,4341.2,32681.5,demography=2025-01-01;services=2026-09-20;geography=2025-05-07,EUSTAT_EMH_2025|ODE_HEALTH_CENTRES_2026|GEOEUSKADI_MUNICIPIOS_2025
20039,Getaria,2931,574,301,19.584,10.27,2025-01-01,G360_DERIVED_MUNICIPAL_METRICS_V1,11.005080393298803,0,0,0,1,1,17.422,33.223,0.0,0.0,0.0,0.0,0.0,0.0,-2.2113986,43.2923736,1153.5,14826.6,2913.3,16215.4,demography=2025-01-01;services=2026-09-20;geography=2025-05-07,EUSTAT_EMH_2025|ODE_HEALTH_CENTRES_2026|GEOEUSKADI_MUNICIPIOS_2025
20040,Hernani,20428,4557,2298,22.308,11.249,2025-01-01,G360_DERIVED_MUNICIPAL_METRICS_V1,39.893326472006194,0,0,0,2,2,4.389,8.703,0.0,0.0,0.0,0.0,0.0,0.0,-1.9243882,43.2278527,5882.0,8071.7,7977.6,8411.5,demography=2025-01-01;services=2026-09-20;geography=2025-05-07,EUSTAT_EMH_2025|ODE_HEALTH_CENTRES_2026|GEOEUSKADI_MUNICIPIOS_2025
20041,Hernialde,323,82,27,25.387,8.359,2025-01-01,G360_DERIVED_MUNICIPAL_METRICS_V1,4.255999937767404,0,0,0,0,0,0.0,0.0,0.0,0.0,0.0,0.0,0.0,0.0,-2.09712,43.1546428,2192.5,18562.2,2519.9,13854.8,demography=2025-01-01;services=2026-09-20;geography=2025-05-07,EUSTAT_EMH_2025|ODE_HEALTH_CENTRES_2026|GEOEUSKADI_MUNICIPIOS_2025
20042,Ibarra,4076,1127,574,27.65,14.082,2025-01-01,G360_DERIVED_MUNICIPAL_METRICS_V1,5.134847166315631,0,0,0,1,1,8.873,17.422,0.0,0.0,0.0,0.0,0.0,0.0,-2.055256,43.1425819,927.7,18114.7,2057.0,13881.8,demography=2025-01-01;services=2026-09-20;geography=2025-05-07,EUSTAT_EMH_2025|ODE_HEALTH_CENTRES_2026|GEOEUSKADI_MUNICIPIOS_2025
20043,Idiazabal,2279,559,299,24.528,13.12,2025-01-01,G360_DERIVED_MUNICIPAL_METRICS_V1,29.30290501967143,0,0,0,1,1,17.889,33.445,0.0,0.0,0.0,0.0,0.0,0.0,-2.2253279,42.991227,2311.2,12507.9,7289.9,34788.6,demography=2025-01-01;services=2026-09-20;geography=2025-05-07,EUSTAT_EMH_2025|ODE_HEALTH_CENTRES_2026|GEOEUSKADI_MUNICIPIOS_2025
20044,Ikaztegieta,488,115,49,23.566,10.041,2025-01-01,G360_DERIVED_MUNICIPAL_METRICS_V1,2.0530014938494268,0,0,0,1,1,86.957,204.082,0.0,0.0,0.0,0.0,0.0,0.0,-2.1207862,43.0900958,558.9,15633.5,6148.4,21141.7,demography=2025-01-01;services=2026-09-20;geography=2025-05-07,EUSTAT_EMH_2025|ODE_HEALTH_CENTRES_2026|GEOEUSKADI_MUNICIPIOS_2025
20045,Irun,60665,14709,7604,24.246,12.534,2025-01-01,G360_DERIVED_MUNICIPAL_METRICS_V1,41.88042371540888,0,2,0,4,6,2.719,5.26,0.0,0.0,1.36,2.63,0.0,0.0,-1.7920861,43.3208857,1862.8,2967.5,1657.8,9652.7,demography=2025-01-01;services=2026-09-20;geography=2025-05-07,EUSTAT_EMH_2025|ODE_HEALTH_CENTRES_2026|GEOEUSKADI_MUNICIPIOS_2025
20046,Irura,1846,222,91,12.026,4.93,2025-01-01,G360_DERIVED_MUNICIPAL_METRICS_V1,2.901192493497727,0,0,0,1,1,45.045,109.89,0.0,0.0,0.0,0.0,0.0,0.0,-2.0589424,43.1668157,835.0,15804.9,3768.6,11371.9,demography=2025-01-01;services=2026-09-20;geography=2025-05-07,EUSTAT_EMH_2025|ODE_HEALTH_CENTRES_2026|GEOEUSKADI_MUNICIPIOS_2025
20047,Itsasondo,702,121,66,17.236,9.402,2025-01-01,G360_DERIVED_MUNICIPAL_METRICS_V1,8.942324334529394,0,0,0,1,1,82.645,151.515,0.0,0.0,0.0,0.0,0.0,0.0,-2.1811911,43.0814235,1981.8,10705.5,3394.9,24360.0,demography=2025-01-01;services=2026-09-20;geography=2025-05-07,EUSTAT_EMH_2025|ODE_HEALTH_CENTRES_2026|GEOEUSKADI_MUNICIPIOS_2025
20048,Larraul,262,39,12,14.885,4.58,2025-01-01,G360_DERIVED_MUNICIPAL_METRICS_V1,5.566813442368955,0,0,0,0,0,0.0,0.0,0.0,0.0,0.0,0.0,0.0,0.0,-2.1185889,43.1838864,2009.1,17166.6,6193.9,12235.6,demography=2025-01-01;services=2026-09-20;geography=2025-05-07,EUSTAT_EMH_2025|ODE_HEALTH_CENTRES_2026|GEOEUSKADI_MUNICIPIOS_2025
20049,Lazkao,5888,1147,558,19.48,9.477,2025-01-01,G360_DERIVED_MUNICIPAL_METRICS_V1,11.592387393521655,0,0,0,1,1,8.718,17.921,0.0,0.0,0.0,0.0,0.0,0.0,-2.173517,43.0236836,1661.9,13156.0,3375.6,29638.9,demography=2025-01-01;services=2026-09-20;geography=2025-05-07,EUSTAT_EMH_2025|ODE_HEALTH_CENTRES_2026|GEOEUSKADI_MUNICIPIOS_2025
20050,Leaburu,383,89,43,23.238,11.227,2025-01-01,G360_DERIVED_MUNICIPAL_METRICS_V1,3.3434674685861276,0,0,0,2,2,224.719,465.116,0.0,0.0,0.0,0.0,0.0,0.0,-2.0559663,43.1204146,581.3,20426.5,2569.0,16297.4,demography=2025-01-01;services=2026-09-20;geography=2025-05-07,EUSTAT_EMH_2025|ODE_HEALTH_CENTRES_2026|GEOEUSKADI_MUNICIPIOS_2025
20051,Legazpi,8377,2276,1190,27.17,14.206,2025-01-01,G360_DERIVED_MUNICIPAL_METRICS_V1,42.120257592355145,0,0,0,1,1,4.394,8.403,0.0,0.0,0.0,0.0,0.0,0.0,-2.3349811,43.0286869,2624.8,6391.4,6580.9,36867.9,demography=2025-01-01;services=2026-09-20;geography=2025-05-07,EUSTAT_EMH_2025|ODE_HEALTH_CENTRES_2026|GEOEUSKADI_MUNICIPIOS_2025
20052,Legorreta,1499,309,165,20.614,11.007,2025-01-01,G360_DERIVED_MUNICIPAL_METRICS_V1,8.602233868487039,0,0,0,1,1,32.362,60.606,0.0,0.0,0.0,0.0,0.0,0.0,-2.1490954,43.0896537,489.3,13329.4,5387.6,22217.2,demography=2025-01-01;services=2026-09-20;geography=2025-05-07,EUSTAT_EMH_2025|ODE_HEALTH_CENTRES_2026|GEOEUSKADI_MUNICIPIOS_2025
20053,Lezo,6188,1345,543,21.736,8.775,2025-01-01,G360_DERIVED_MUNICIPAL_METRICS_V1,8.472135909314634,0,0,0,1,1,7.435,18.416,0.0,0.0,0.0,0.0,0.0,0.0,-1.8802176,43.3273037,1169.1,5539.2,2868.5,2868.5,demography=2025-01-01;services=2026-09-20;geography=2025-05-07,EUSTAT_EMH_2025|ODE_HEALTH_CENTRES_2026|GEOEUSKADI_MUNICIPIOS_2025
20054,Lizartza,700,147,77,21.0,11.0,2025-01-01,G360_DERIVED_MUNICIPAL_METRICS_V1,12.126071315051158,0,0,0,1,1,68.027,129.87,0.0,0.0,0.0,0.0,0.0,0.0,-2.0355092,43.0949594,902.6,22592.3,5791.1,18858.0,demography=2025-01-01;services=2026-09-20;geography=2025-05-07,EUSTAT_EMH_2025|ODE_HEALTH_CENTRES_2026|GEOEUSKADI_MUNICIPIOS_2025
20055,Arrasate/Mondragón,22251,5903,2982,26.529,13.402,2025-01-01,G360_DERIVED_MUNICIPAL_METRICS_V1,32.90749356721066,1,1,0,1,3,1.694,3.353,1.694,3.353,1.694,3.353,0.0,0.0,-2.5003604,43.0673789,1467.8,1533.9,1467.8,45077.3,demography=2025-01-01;services=2026-09-20;geography=2025-05-07,EUSTAT_EMH_2025|ODE_HEALTH_CENTRES_2026|GEOEUSKADI_MUNICIPIOS_2025
20056,Mutriku,5283,1265,630,23.945,11.925,2025-01-01,G360_DERIVED_MUNICIPAL_METRICS_V1,27.628113793125816,0,0,0,1,1,7.905,15.873,0.0,0.0,0.0,0.0,0.0,0.0,-2.3980498,43.295143,1517.1,5077.4,13968.7,31244.1,demography=2025-01-01;services=2026-09-20;geography=2025-05-07,EUSTAT_EMH_2025|ODE_HEALTH_CENTRES_2026|GEOEUSKADI_MUNICIPIOS_2025
20057,Mutiloa,249,47,26,18.876,10.442,2025-01-01,G360_DERIVED_MUNICIPAL_METRICS_V1,8.622582092800158,0,0,0,1,1,212.766,384.615,0.0,0.0,0.0,0.0,0.0,0.0,-2.2841288,43.0284613,1115.9,6576.7,6975.2,34098.2,demography=2025-01-01;services=2026-09-20;geography=2025-05-07,EUSTAT_EMH_2025|ODE_HEALTH_CENTRES_2026|GEOEUSKADI_MUNICIPIOS_2025
20058,Olaberria,950,228,148,24.0,15.579,2025-01-01,G360_DERIVED_MUNICIPAL_METRICS_V1,6.9821540006263145,0,0,0,1,1,43.86,67.568,0.0,0.0,0.0,0.0,0.0,0.0,-2.2045527,43.0219476,1863.0,11171.4,3493.5,30985.5,demography=2025-01-01;services=2026-09-20;geography=2025-05-07,EUSTAT_EMH_2025|ODE_HEALTH_CENTRES_2026|GEOEUSKADI_MUNICIPIOS_2025
20059,Oñati,11445,2839,1443,24.806,12.608,2025-01-01,G360_DERIVED_MUNICIPAL_METRICS_V1,107.54377969044752,0,0,0,1,1,3.522,6.93,0.0,0.0,0.0,0.0,0.0,0.0,-2.408019,43.0146641,2149.6,8113.5,8171.5,42277.1,demography=2025-01-01;services=2026-09-20;geography=2025-05-07,EUSTAT_EMH_2025|ODE_HEALTH_CENTRES_2026|GEOEUSKADI_MUNICIPIOS_2025
20060,Orexa,99,20,9,20.202,9.091,2025-01-01,G360_DERIVED_MUNICIPAL_METRICS_V1,5.888953907416065,0,0,0,1,1,500.0,1111.111,0.0,0.0,0.0,0.0,0.0,0.0,-1.9982962,43.0888836,1215.8,22786.3,8413.3,19510.8,demography=2025-01-01;services=2026-09-20;geography=2025-05-07,EUSTAT_EMH_2025|ODE_HEALTH_CENTRES_2026|GEOEUSKADI_MUNICIPIOS_2025
20061,Orio,6197,1174,575,18.945,9.279,2025-01-01,G360_DERIVED_MUNICIPAL_METRICS_V1,9.700943921686104,0,0,0,1,1,8.518,17.391,0.0,0.0,0.0,0.0,0.0,0.0,-2.1089143,43.2888891,2190.3,11382.6,5674.8,8076.2,demography=2025-01-01;services=2026-09-20;geography=2025-05-07,EUSTAT_EMH_2025|ODE_HEALTH_CENTRES_2026|GEOEUSKADI_MUNICIPIOS_2025
20062,Ormaiztegi,1290,303,137,23.488,10.62,2025-01-01,G360_DERIVED_MUNICIPAL_METRICS_V1,6.847235580778263,0,0,0,1,1,33.003,72.993,0.0,0.0,0.0,0.0,0.0,0.0,-2.251306,43.0419735,320.3,6826.6,5101.0,31253.2,demography=2025-01-01;services=2026-09-20;geography=2025-05-07,EUSTAT_EMH_2025|ODE_HEALTH_CENTRES_2026|GEOEUSKADI_MUNICIPIOS_2025
20063,Oiartzun,10473,2369,1138,22.62,10.866,2025-01-01,G360_DERIVED_MUNICIPAL_METRICS_V1,59.49582463901057,0,0,0,1,1,4.221,8.787,0.0,0.0,0.0,0.0,0.0,0.0,-1.8259107,43.268308,4438.1,8212.6,8079.1,8572.0,demography=2025-01-01;services=2026-09-20;geography=2025-05-07,EUSTAT_EMH_2025|ODE_HEALTH_CENTRES_2026|GEOEUSKADI_MUNICIPIOS_2025
20064,Pasaia,16767,3719,2053,22.18,12.244,2025-01-01,G360_DERIVED_MUNICIPAL_METRICS_V1,10.593428412916237,0,0,0,3,3,8.067,14.613,0.0,0.0,0.0,0.0,0.0,0.0,-1.8766806,43.3442105,2813.4,5019.4,4322.6,4322.6,demography=2025-01-01;services=2026-09-20;geography=2025-05-07,EUSTAT_EMH_2025|ODE_HEALTH_CENTRES_2026|GEOEUSKADI_MUNICIPIOS_2025
20065,Soraluze-Placencia de las Armas,3765,948,496,25.179,13.174,2025-01-01,G360_DERIVED_MUNICIPAL_METRICS_V1,14.027224380980158,0,0,0,1,1,10.549,20.161,0.0,0.0,0.0,0.0,0.0,0.0,-2.4086286,43.1792229,618.3,5992.3,5815.8,33304.5,demography=2025-01-01;services=2026-09-20;geography=2025-05-07,EUSTAT_EMH_2025|ODE_HEALTH_CENTRES_2026|GEOEUSKADI_MUNICIPIOS_2025
20066,Errezil,602,119,54,19.767,8.97,2025-01-01,G360_DERIVED_MUNICIPAL_METRICS_V1,32.202499655820986,0,0,0,1,1,84.034,185.185,0.0,0.0,0.0,0.0,0.0,0.0,-2.1873873,43.177386,1756.7,14550.1,6565.4,16971.8,demography=2025-01-01;services=2026-09-20;geography=2025-05-07,EUSTAT_EMH_2025|ODE_HEALTH_CENTRES_2026|GEOEUSKADI_MUNICIPIOS_2025
20067,Errenteria,39779,9667,5372,24.302,13.505,2025-01-01,G360_DERIVED_MUNICIPAL_METRICS_V1,31.931921252089566,0,1,1,4,6,4.138,7.446,0.0,0.0,1.034,1.862,1.034,1.862,-1.8731316,43.2640801,3925.5,8391.5,6357.8,6357.8,demography=2025-01-01;services=2026-09-20;geography=2025-05-07,EUSTAT_EMH_2025|ODE_HEALTH_CENTRES_2026|GEOEUSKADI_MUNICIPIOS_2025
20068,Leintz-Gatzaga,224,58,26,25.893,11.607,2025-01-01,G360_DERIVED_MUNICIPAL_METRICS_V1,14.695946235308908,0,0,0,1,1,172.414,384.615,0.0,0.0,0.0,0.0,0.0,0.0,-2.56133,42.9719293,1749.1,12012.7,11990.3,55008.8,demography=2025-01-01;services=2026-09-20;geography=2025-05-07,EUSTAT_EMH_2025|ODE_HEALTH_CENTRES_2026|GEOEUSKADI_MUNICIPIOS_2025
20069,Donostia / San Sebastián,183388,48832,24884,26.628,13.569,2025-01-01,G360_DERIVED_MUNICIPAL_METRICS_V1,61.00219856992474,1,5,3,18,27,3.686,7.234,0.205,0.402,1.024,2.009,0.614,1.206,-1.9951112,43.3068172,323.1,2640.0,1116.4,323.1,demography=2025-01-01;services=2026-09-20;geography=2025-05-07,EUSTAT_EMH_2025|ODE_HEALTH_CENTRES_2026|GEOEUSKADI_MUNICIPIOS_2025
20070,Segura,1499,316,140,21.081,9.34,2025-01-01,G360_DERIVED_MUNICIPAL_METRICS_V1,9.348366379606453,0,0,0,1,1,31.646,71.429,0.0,0.0,0.0,0.0,0.0,0.0,-2.2612858,42.994938,1740.4,10725.6,8556.6,35970.6,demography=2025-01-01;services=2026-09-20;geography=2025-05-07,EUSTAT_EMH_2025|ODE_HEALTH_CENTRES_2026|GEOEUSKADI_MUNICIPIOS_2025
20071,Tolosa,20048,4718,2432,23.534,12.131,2025-01-01,G360_DERIVED_MUNICIPAL_METRICS_V1,37.18383142527306,0,1,0,2,3,4.239,8.224,0.0,0.0,2.12,4.112,0.0,0.0,-2.0911042,43.1275773,1080.5,18670.9,1375.0,16366.0,demography=2025-01-01;services=2026-09-20;geography=2025-05-07,EUSTAT_EMH_2025|ODE_HEALTH_CENTRES_2026|GEOEUSKADI_MUNICIPIOS_2025
20072,Urnieta,6294,1244,585,19.765,9.295,2025-01-01,G360_DERIVED_MUNICIPAL_METRICS_V1,22.410466229614745,0,0,0,1,1,8.039,17.094,0.0,0.0,0.0,0.0,0.0,0.0,-1.9626448,43.2250271,3563.1,7555.1,4854.9,6095.4,demography=2025-01-01;services=2026-09-20;geography=2025-05-07,EUSTAT_EMH_2025|ODE_HEALTH_CENTRES_2026|GEOEUSKADI_MUNICIPIOS_2025
20073,Usurbil,6485,1310,653,20.2,10.069,2025-01-01,G360_DERIVED_MUNICIPAL_METRICS_V1,25.75750234457092,0,0,0,1,1,7.634,15.314,0.0,0.0,0.0,0.0,0.0,0.0,-2.0654147,43.2689201,1317.5,8286.0,6353.3,4098.7,demography=2025-01-01;services=2026-09-20;geography=2025-05-07,EUSTAT_EMH_2025|ODE_HEALTH_CENTRES_2026|GEOEUSKADI_MUNICIPIOS_2025
20074,Bergara,14725,3735,1950,25.365,13.243,2025-01-01,G360_DERIVED_MUNICIPAL_METRICS_V1,75.62959565670559,0,0,0,3,3,8.032,15.385,0.0,0.0,0.0,0.0,0.0,0.0,-2.4296359,43.1251117,1107.9,7660.8,7754.0,37034.1,demography=2025-01-01;services=2026-09-20;geography=2025-05-07,EUSTAT_EMH_2025|ODE_HEALTH_CENTRES_2026|GEOEUSKADI_MUNICIPIOS_2025
20075,Villabona,5778,1340,696,23.191,12.046,2025-01-01,G360_DERIVED_MUNICIPAL_METRICS_V1,17.565048121076405,0,0,0,1,1,7.463,14.368,0.0,0.0,0.0,0.0,0.0,0.0,-2.0349813,43.1807343,1691.7,13570.4,4616.1,9396.9,demography=2025-01-01;services=2026-09-20;geography=2025-05-07,EUSTAT_EMH_2025|ODE_HEALTH_CENTRES_2026|GEOEUSKADI_MUNICIPIOS_2025
20076,Ordizia,10398,2137,1119,20.552,10.762,2025-01-01,G360_DERIVED_MUNICIPAL_METRICS_V1,5.680405690454408,0,0,0,1,1,4.679,8.937,0.0,0.0,0.0,0.0,0.0,0.0,-2.184044,43.0615951,1008.5,10759.6,1218.0,26343.6,demography=2025-01-01;services=2026-09-20;geography=2025-05-07,EUSTAT_EMH_2025|ODE_HEALTH_CENTRES_2026|GEOEUSKADI_MUNICIPIOS_2025
20077,Urretxu,6795,1621,845,23.856,12.436,2025-01-01,G360_DERIVED_MUNICIPAL_METRICS_V1,7.527875647699799,0,0,0,0,0,0.0,0.0,0.0,0.0,0.0,0.0,0.0,0.0,-2.330718,43.0964602,1295.0,1574.7,1574.7,31680.9,demography=2025-01-01;services=2026-09-20;geography=2025-05-07,EUSTAT_EMH_2025|ODE_HEALTH_CENTRES_2026|GEOEUSKADI_MUNICIPIOS_2025
20078,Zaldibia,1766,380,187,21.518,10.589,2025-01-01,G360_DERIVED_MUNICIPAL_METRICS_V1,16.65239371920689,0,0,0,1,1,26.316,53.476,0.0,0.0,0.0,0.0,0.0,0.0,-2.1373069,43.0231661,2010.8,15792.0,5329.5,28538.7,demography=2025-01-01;services=2026-09-20;geography=2025-05-07,EUSTAT_EMH_2025|ODE_HEALTH_CENTRES_2026|GEOEUSKADI_MUNICIPIOS_2025
20079,Zarautz,23464,5467,2733,23.3,11.648,2025-01-01,G360_DERIVED_MUNICIPAL_METRICS_V1,14.215937782590155,0,1,0,3,4,5.487,10.977,0.0,0.0,1.829,3.659,0.0,0.0,-2.1632235,43.2695495,1866.2,15994.1,1866.2,12017.1,demography=2025-01-01;services=2026-09-20;geography=2025-05-07,EUSTAT_EMH_2025|ODE_HEALTH_CENTRES_2026|GEOEUSKADI_MUNICIPIOS_2025
20080,Zumarraga,9568,2441,1353,25.512,14.141,2025-01-01,G360_DERIVED_MUNICIPAL_METRICS_V1,18.487392780912412,2,1,0,2,5,8.193,14.782,8.193,14.782,4.097,7.391,0.0,0.0,-2.302583,43.0985655,1870.8,1784.4,1784.4,29715.6,demography=2025-01-01;services=2026-09-20;geography=2025-05-07,EUSTAT_EMH_2025|ODE_HEALTH_CENTRES_2026|GEOEUSKADI_MUNICIPIOS_2025
20081,Zumaia,10001,2212,1033,22.118,10.329,2025-01-01,G360_DERIVED_MUNICIPAL_METRICS_V1,10.684427383236713,0,0,0,1,1,4.521,9.681,0.0,0.0,0.0,0.0,0.0,0.0,-2.2432608,43.2874082,1267.9,12202.4,5304.3,18675.0,demography=2025-01-01;services=2026-09-20;geography=2025-05-07,EUSTAT_EMH_2025|ODE_HEALTH_CENTRES_2026|GEOEUSKADI_MUNICIPIOS_2025
20901,Mendaro,2049,377,196,18.399,9.566,2025-01-01,G360_DERIVED_MUNICIPAL_METRICS_V1,25.28093415224005,1,0,0,1,2,26.525,51.02,26.525,51.02,0.0,0.0,0.0,0.0,-2.3708972,43.2416442,1700.5,1497.2,10705.3,28970.7,demography=2025-01-01;services=2026-09-20;geography=2025-05-07,EUSTAT_EMH_2025|ODE_HEALTH_CENTRES_2026|GEOEUSKADI_MUNICIPIOS_2025
20902,Lasarte-Oria,19808,4870,2829,24.586,14.282,2025-01-01,G360_DERIVED_MUNICIPAL_METRICS_V1,5.8194150437003005,0,0,1,1,2,2.053,3.535,0.0,0.0,0.0,0.0,2.053,3.535,-2.0099649,43.2594626,1165.2,5000.0,4360.6,676.6,demography=2025-01-01;services=2026-09-20;geography=2025-05-07,EUSTAT_EMH_2025|ODE_HEALTH_CENTRES_2026|GEOEUSKADI_MUNICIPIOS_2025
20903,Astigarraga,7665,1038,433,13.542,5.649,2025-01-01,G360_DERIVED_MUNICIPAL_METRICS_V1,11.987405831453735,0,0,0,1,1,9.634,23.095,0.0,0.0,0.0,0.0,0.0,0.0,-1.935408,43.2779245,1235.0,3174.0,3332.2,4506.2,demography=2025-01-01;services=2026-09-20;geography=2025-05-07,EUSTAT_EMH_2025|ODE_HEALTH_CENTRES_2026|GEOEUSKADI_MUNICIPIOS_2025
20904,Baliarrain,159,16,4,10.063,2.516,2025-01-01,G360_DERIVED_MUNICIPAL_METRICS_V1,2.7421860500539017,0,0,0,1,1,625.0,2500.0,0.0,0.0,0.0,0.0,0.0,0.0,-2.1318194,43.0724991,477.9,14776.2,5282.1,23292.3,demography=2025-01-01;services=2026-09-20;geography=2025-05-07,EUSTAT_EMH_2025|ODE_HEALTH_CENTRES_2026|GEOEUSKADI_MUNICIPIOS_2025
20905,Orendain,241,34,22,14.108,9.129,2025-01-01,G360_DERIVED_MUNICIPAL_METRICS_V1,6.4257640130465505,0,0,0,0,0,0.0,0.0,0.0,0.0,0.0,0.0,0.0,0.0,-2.1062921,43.0786343,2044.6,16809.5,6770.6,21886.1,demography=2025-01-01;services=2026-09-20;geography=2025-05-07,EUSTAT_EMH_2025|ODE_HEALTH_CENTRES_2026|GEOEUSKADI_MUNICIPIOS_2025
20906,Altzaga,159,33,18,20.755,11.321,2025-01-01,G360_DERIVED_MUNICIPAL_METRICS_V1,2.459615148211989,0,0,0,0,0,0.0,0.0,0.0,0.0,0.0,0.0,0.0,0.0,-2.1519318,43.0644343,1083.5,13262.4,3418.4,24801.2,demography=2025-01-01;services=2026-09-20;geography=2025-05-07,EUSTAT_EMH_2025|ODE_HEALTH_CENTRES_2026|GEOEUSKADI_MUNICIPIOS_2025
20907,Gaztelu,179,37,11,20.67,6.145,2025-01-01,G360_DERIVED_MUNICIPAL_METRICS_V1,9.281278521672526,0,0,0,1,1,270.27,909.091,0.0,0.0,0.0,0.0,0.0,0.0,-2.0292223,43.1161209,400.7,20240.1,4625.3,16475.1,demography=2025-01-01;services=2026-09-20;geography=2025-05-07,EUSTAT_EMH_2025|ODE_HEALTH_CENTRES_2026|GEOEUSKADI_MUNICIPIOS_2025
